-- Script de Poblado de Datos (Generado Automaticamente)

-- Aseguradoras
INSERT INTO Aseguradoras (idAseguradora, nombre, telefono, nit, direccion) VALUES (1, 'Seguros Bolivar', 3000000001, 900000001, 'Calle 1 # 1-1');
INSERT INTO Aseguradoras (idAseguradora, nombre, telefono, nit, direccion) VALUES (2, 'Allianz', 3000000002, 900000002, 'Calle 2 # 2-2');
INSERT INTO Aseguradoras (idAseguradora, nombre, telefono, nit, direccion) VALUES (3, 'Mapfre', 3000000003, 900000003, 'Calle 3 # 3-3');
INSERT INTO Aseguradoras (idAseguradora, nombre, telefono, nit, direccion) VALUES (4, 'Sura', 3000000004, 900000004, 'Calle 4 # 4-4');
INSERT INTO Aseguradoras (idAseguradora, nombre, telefono, nit, direccion) VALUES (5, 'Liberty Seguros', 3000000005, 900000005, 'Calle 5 # 5-5');

-- Agencias
INSERT INTO Agencias (idAgencia, nombre, direccion, idAseguradora) VALUES (1, 'Agencia 1', 'Carrera 1 # 1-1', 1);
INSERT INTO Agencias (idAgencia, nombre, direccion, idAseguradora) VALUES (2, 'Agencia 2', 'Carrera 2 # 2-2', 1);
INSERT INTO Agencias (idAgencia, nombre, direccion, idAseguradora) VALUES (3, 'Agencia 3', 'Carrera 3 # 3-3', 3);
INSERT INTO Agencias (idAgencia, nombre, direccion, idAseguradora) VALUES (4, 'Agencia 4', 'Carrera 4 # 4-4', 2);
INSERT INTO Agencias (idAgencia, nombre, direccion, idAseguradora) VALUES (5, 'Agencia 5', 'Carrera 5 # 5-5', 2);
INSERT INTO Agencias (idAgencia, nombre, direccion, idAseguradora) VALUES (6, 'Agencia 6', 'Carrera 6 # 6-6', 2);
INSERT INTO Agencias (idAgencia, nombre, direccion, idAseguradora) VALUES (7, 'Agencia 7', 'Carrera 7 # 7-7', 1);
INSERT INTO Agencias (idAgencia, nombre, direccion, idAseguradora) VALUES (8, 'Agencia 8', 'Carrera 8 # 8-8', 5);
INSERT INTO Agencias (idAgencia, nombre, direccion, idAseguradora) VALUES (9, 'Agencia 9', 'Carrera 9 # 9-9', 1);
INSERT INTO Agencias (idAgencia, nombre, direccion, idAseguradora) VALUES (10, 'Agencia 10', 'Carrera 10 # 10-10', 5);

-- Seguros
INSERT INTO Seguros (idSeguro, nombre, tipo, descripcion, idAseguradora) VALUES (1, 'Seguro 1', 'Vehiculo', 'Descripcion del seguro 1', 1);
INSERT INTO Seguros (idSeguro, nombre, tipo, descripcion, idAseguradora) VALUES (2, 'Seguro 2', 'Vida', 'Descripcion del seguro 2', 1);
INSERT INTO Seguros (idSeguro, nombre, tipo, descripcion, idAseguradora) VALUES (3, 'Seguro 3', 'Salud', 'Descripcion del seguro 3', 2);
INSERT INTO Seguros (idSeguro, nombre, tipo, descripcion, idAseguradora) VALUES (4, 'Seguro 4', 'Empresarial', 'Descripcion del seguro 4', 5);
INSERT INTO Seguros (idSeguro, nombre, tipo, descripcion, idAseguradora) VALUES (5, 'Seguro 5', 'Vida', 'Descripcion del seguro 5', 5);
INSERT INTO Seguros (idSeguro, nombre, tipo, descripcion, idAseguradora) VALUES (6, 'Seguro 6', 'Salud', 'Descripcion del seguro 6', 5);
INSERT INTO Seguros (idSeguro, nombre, tipo, descripcion, idAseguradora) VALUES (7, 'Seguro 7', 'Vehiculo', 'Descripcion del seguro 7', 2);
INSERT INTO Seguros (idSeguro, nombre, tipo, descripcion, idAseguradora) VALUES (8, 'Seguro 8', 'Vehiculo', 'Descripcion del seguro 8', 5);
INSERT INTO Seguros (idSeguro, nombre, tipo, descripcion, idAseguradora) VALUES (9, 'Seguro 9', 'Hogar', 'Descripcion del seguro 9', 1);
INSERT INTO Seguros (idSeguro, nombre, tipo, descripcion, idAseguradora) VALUES (10, 'Seguro 10', 'Salud', 'Descripcion del seguro 10', 4);

-- Sucursales
INSERT INTO Sucursales (idSucursal, idAgencia, nombre, direccion) VALUES (1, 6, 'Sucursal 1', 'Avenida 1 # 1-1');
INSERT INTO Sucursales (idSucursal, idAgencia, nombre, direccion) VALUES (2, 5, 'Sucursal 2', 'Avenida 2 # 2-2');
INSERT INTO Sucursales (idSucursal, idAgencia, nombre, direccion) VALUES (3, 3, 'Sucursal 3', 'Avenida 3 # 3-3');
INSERT INTO Sucursales (idSucursal, idAgencia, nombre, direccion) VALUES (4, 4, 'Sucursal 4', 'Avenida 4 # 4-4');
INSERT INTO Sucursales (idSucursal, idAgencia, nombre, direccion) VALUES (5, 6, 'Sucursal 5', 'Avenida 5 # 5-5');
INSERT INTO Sucursales (idSucursal, idAgencia, nombre, direccion) VALUES (6, 2, 'Sucursal 6', 'Avenida 6 # 6-6');
INSERT INTO Sucursales (idSucursal, idAgencia, nombre, direccion) VALUES (7, 2, 'Sucursal 7', 'Avenida 7 # 7-7');
INSERT INTO Sucursales (idSucursal, idAgencia, nombre, direccion) VALUES (8, 7, 'Sucursal 8', 'Avenida 8 # 8-8');
INSERT INTO Sucursales (idSucursal, idAgencia, nombre, direccion) VALUES (9, 2, 'Sucursal 9', 'Avenida 9 # 9-9');
INSERT INTO Sucursales (idSucursal, idAgencia, nombre, direccion) VALUES (10, 6, 'Sucursal 10', 'Avenida 10 # 10-10');
INSERT INTO Sucursales (idSucursal, idAgencia, nombre, direccion) VALUES (11, 6, 'Sucursal 11', 'Avenida 11 # 11-11');
INSERT INTO Sucursales (idSucursal, idAgencia, nombre, direccion) VALUES (12, 10, 'Sucursal 12', 'Avenida 12 # 12-12');
INSERT INTO Sucursales (idSucursal, idAgencia, nombre, direccion) VALUES (13, 5, 'Sucursal 13', 'Avenida 13 # 13-13');
INSERT INTO Sucursales (idSucursal, idAgencia, nombre, direccion) VALUES (14, 1, 'Sucursal 14', 'Avenida 14 # 14-14');
INSERT INTO Sucursales (idSucursal, idAgencia, nombre, direccion) VALUES (15, 8, 'Sucursal 15', 'Avenida 15 # 15-15');
INSERT INTO Sucursales (idSucursal, idAgencia, nombre, direccion) VALUES (16, 9, 'Sucursal 16', 'Avenida 16 # 16-16');
INSERT INTO Sucursales (idSucursal, idAgencia, nombre, direccion) VALUES (17, 2, 'Sucursal 17', 'Avenida 17 # 17-17');
INSERT INTO Sucursales (idSucursal, idAgencia, nombre, direccion) VALUES (18, 7, 'Sucursal 18', 'Avenida 18 # 18-18');
INSERT INTO Sucursales (idSucursal, idAgencia, nombre, direccion) VALUES (19, 2, 'Sucursal 19', 'Avenida 19 # 19-19');
INSERT INTO Sucursales (idSucursal, idAgencia, nombre, direccion) VALUES (20, 9, 'Sucursal 20', 'Avenida 20 # 20-20');

-- Asesores
INSERT INTO Asesores (idAsesor, idAgencia, idSucursal, cedula, nombre, telefono, correo) VALUES (1, 6, 10, 1000001, 'Daniela Vargas', 3100000001, 'asesor1@email.com');
INSERT INTO Asesores (idAsesor, idAgencia, idSucursal, cedula, nombre, telefono, correo) VALUES (2, 2, 19, 1000002, 'Jose Rodriguez', 3100000002, 'asesor2@email.com');
INSERT INTO Asesores (idAsesor, idAgencia, idSucursal, cedula, nombre, telefono, correo) VALUES (3, 5, 2, 1000003, 'Laura Torres', 3100000003, 'asesor3@email.com');
INSERT INTO Asesores (idAsesor, idAgencia, idSucursal, cedula, nombre, telefono, correo) VALUES (4, 3, 3, 1000004, 'Laura Lopez', 3100000004, 'asesor4@email.com');
INSERT INTO Asesores (idAsesor, idAgencia, idSucursal, cedula, nombre, telefono, correo) VALUES (5, 5, 13, 1000005, 'Carlos Moreno', 3100000005, 'asesor5@email.com');
INSERT INTO Asesores (idAsesor, idAgencia, idSucursal, cedula, nombre, telefono, correo) VALUES (6, 10, 12, 1000006, 'Carmen Vargas', 3100000006, 'asesor6@email.com');
INSERT INTO Asesores (idAsesor, idAgencia, idSucursal, cedula, nombre, telefono, correo) VALUES (7, 10, 12, 1000007, 'Jose Ramirez', 3100000007, 'asesor7@email.com');
INSERT INTO Asesores (idAsesor, idAgencia, idSucursal, cedula, nombre, telefono, correo) VALUES (8, 3, 3, 1000008, 'Daniela Garcia', 3100000008, 'asesor8@email.com');
INSERT INTO Asesores (idAsesor, idAgencia, idSucursal, cedula, nombre, telefono, correo) VALUES (9, 7, 18, 1000009, 'Laura Garcia', 3100000009, 'asesor9@email.com');
INSERT INTO Asesores (idAsesor, idAgencia, idSucursal, cedula, nombre, telefono, correo) VALUES (10, 8, 15, 1000010, 'Diego Ramirez', 3100000010, 'asesor10@email.com');
INSERT INTO Asesores (idAsesor, idAgencia, idSucursal, cedula, nombre, telefono, correo) VALUES (11, 7, 18, 1000011, 'Laura Diaz', 3100000011, 'asesor11@email.com');
INSERT INTO Asesores (idAsesor, idAgencia, idSucursal, cedula, nombre, telefono, correo) VALUES (12, 5, 2, 1000012, 'Laura Gomez', 3100000012, 'asesor12@email.com');
INSERT INTO Asesores (idAsesor, idAgencia, idSucursal, cedula, nombre, telefono, correo) VALUES (13, 6, 11, 1000013, 'Diego Ramirez', 3100000013, 'asesor13@email.com');
INSERT INTO Asesores (idAsesor, idAgencia, idSucursal, cedula, nombre, telefono, correo) VALUES (14, 3, 3, 1000014, 'Jose Ruiz', 3100000014, 'asesor14@email.com');
INSERT INTO Asesores (idAsesor, idAgencia, idSucursal, cedula, nombre, telefono, correo) VALUES (15, 6, 11, 1000015, 'Jose Muñoz', 3100000015, 'asesor15@email.com');
INSERT INTO Asesores (idAsesor, idAgencia, idSucursal, cedula, nombre, telefono, correo) VALUES (16, 5, 13, 1000016, 'Gabriel Martinez', 3100000016, 'asesor16@email.com');
INSERT INTO Asesores (idAsesor, idAgencia, idSucursal, cedula, nombre, telefono, correo) VALUES (17, 2, 9, 1000017, 'Luis Sanchez', 3100000017, 'asesor17@email.com');
INSERT INTO Asesores (idAsesor, idAgencia, idSucursal, cedula, nombre, telefono, correo) VALUES (18, 7, 18, 1000018, 'Mariana Ramirez', 3100000018, 'asesor18@email.com');
INSERT INTO Asesores (idAsesor, idAgencia, idSucursal, cedula, nombre, telefono, correo) VALUES (19, 2, 19, 1000019, 'Valentina Ruiz', 3100000019, 'asesor19@email.com');
INSERT INTO Asesores (idAsesor, idAgencia, idSucursal, cedula, nombre, telefono, correo) VALUES (20, 5, 13, 1000020, 'Camila Sanchez', 3100000020, 'asesor20@email.com');
INSERT INTO Asesores (idAsesor, idAgencia, idSucursal, cedula, nombre, telefono, correo) VALUES (21, 6, 5, 1000021, 'Mateo Muñoz', 3100000021, 'asesor21@email.com');
INSERT INTO Asesores (idAsesor, idAgencia, idSucursal, cedula, nombre, telefono, correo) VALUES (22, 3, 3, 1000022, 'Maria Lopez', 3100000022, 'asesor22@email.com');
INSERT INTO Asesores (idAsesor, idAgencia, idSucursal, cedula, nombre, telefono, correo) VALUES (23, 6, 5, 1000023, 'Carmen Jimenez', 3100000023, 'asesor23@email.com');
INSERT INTO Asesores (idAsesor, idAgencia, idSucursal, cedula, nombre, telefono, correo) VALUES (24, 9, 20, 1000024, 'Pedro Castillo', 3100000024, 'asesor24@email.com');
INSERT INTO Asesores (idAsesor, idAgencia, idSucursal, cedula, nombre, telefono, correo) VALUES (25, 5, 13, 1000025, 'Daniela Moreno', 3100000025, 'asesor25@email.com');
INSERT INTO Asesores (idAsesor, idAgencia, idSucursal, cedula, nombre, telefono, correo) VALUES (26, 2, 17, 1000026, 'Carlos Romero', 3100000026, 'asesor26@email.com');
INSERT INTO Asesores (idAsesor, idAgencia, idSucursal, cedula, nombre, telefono, correo) VALUES (27, 6, 1, 1000027, 'Ana Romero', 3100000027, 'asesor27@email.com');
INSERT INTO Asesores (idAsesor, idAgencia, idSucursal, cedula, nombre, telefono, correo) VALUES (28, 2, 9, 1000028, 'Andres Lopez', 3100000028, 'asesor28@email.com');
INSERT INTO Asesores (idAsesor, idAgencia, idSucursal, cedula, nombre, telefono, correo) VALUES (29, 6, 10, 1000029, 'Valentina Garcia', 3100000029, 'asesor29@email.com');
INSERT INTO Asesores (idAsesor, idAgencia, idSucursal, cedula, nombre, telefono, correo) VALUES (30, 8, 15, 1000030, 'Juan Ramirez', 3100000030, 'asesor30@email.com');
INSERT INTO Asesores (idAsesor, idAgencia, idSucursal, cedula, nombre, telefono, correo) VALUES (31, 2, 17, 1000031, 'Carmen Rojas', 3100000031, 'asesor31@email.com');
INSERT INTO Asesores (idAsesor, idAgencia, idSucursal, cedula, nombre, telefono, correo) VALUES (32, 4, 4, 1000032, 'Sofia Rojas', 3100000032, 'asesor32@email.com');
INSERT INTO Asesores (idAsesor, idAgencia, idSucursal, cedula, nombre, telefono, correo) VALUES (33, 9, 20, 1000033, 'Jose Martinez', 3100000033, 'asesor33@email.com');
INSERT INTO Asesores (idAsesor, idAgencia, idSucursal, cedula, nombre, telefono, correo) VALUES (34, 10, 12, 1000034, 'Carmen Romero', 3100000034, 'asesor34@email.com');
INSERT INTO Asesores (idAsesor, idAgencia, idSucursal, cedula, nombre, telefono, correo) VALUES (35, 2, 17, 1000035, 'Juan Navarro', 3100000035, 'asesor35@email.com');
INSERT INTO Asesores (idAsesor, idAgencia, idSucursal, cedula, nombre, telefono, correo) VALUES (36, 6, 11, 1000036, 'Isabella Perez', 3100000036, 'asesor36@email.com');
INSERT INTO Asesores (idAsesor, idAgencia, idSucursal, cedula, nombre, telefono, correo) VALUES (37, 4, 4, 1000037, 'Camila Torres', 3100000037, 'asesor37@email.com');
INSERT INTO Asesores (idAsesor, idAgencia, idSucursal, cedula, nombre, telefono, correo) VALUES (38, 7, 8, 1000038, 'Maria Sanchez', 3100000038, 'asesor38@email.com');
INSERT INTO Asesores (idAsesor, idAgencia, idSucursal, cedula, nombre, telefono, correo) VALUES (39, 2, 19, 1000039, 'Pedro Rodriguez', 3100000039, 'asesor39@email.com');
INSERT INTO Asesores (idAsesor, idAgencia, idSucursal, cedula, nombre, telefono, correo) VALUES (40, 9, 16, 1000040, 'Pedro Romero', 3100000040, 'asesor40@email.com');
INSERT INTO Asesores (idAsesor, idAgencia, idSucursal, cedula, nombre, telefono, correo) VALUES (41, 6, 5, 1000041, 'Luis Muñoz', 3100000041, 'asesor41@email.com');
INSERT INTO Asesores (idAsesor, idAgencia, idSucursal, cedula, nombre, telefono, correo) VALUES (42, 7, 18, 1000042, 'Carmen Ramirez', 3100000042, 'asesor42@email.com');
INSERT INTO Asesores (idAsesor, idAgencia, idSucursal, cedula, nombre, telefono, correo) VALUES (43, 2, 17, 1000043, 'Daniela Jimenez', 3100000043, 'asesor43@email.com');
INSERT INTO Asesores (idAsesor, idAgencia, idSucursal, cedula, nombre, telefono, correo) VALUES (44, 2, 7, 1000044, 'Mariana Hernandez', 3100000044, 'asesor44@email.com');
INSERT INTO Asesores (idAsesor, idAgencia, idSucursal, cedula, nombre, telefono, correo) VALUES (45, 6, 10, 1000045, 'Diego Vargas', 3100000045, 'asesor45@email.com');
INSERT INTO Asesores (idAsesor, idAgencia, idSucursal, cedula, nombre, telefono, correo) VALUES (46, 8, 15, 1000046, 'Mateo Moreno', 3100000046, 'asesor46@email.com');
INSERT INTO Asesores (idAsesor, idAgencia, idSucursal, cedula, nombre, telefono, correo) VALUES (47, 4, 4, 1000047, 'Laura Sanchez', 3100000047, 'asesor47@email.com');
INSERT INTO Asesores (idAsesor, idAgencia, idSucursal, cedula, nombre, telefono, correo) VALUES (48, 3, 3, 1000048, 'Andres Perez', 3100000048, 'asesor48@email.com');
INSERT INTO Asesores (idAsesor, idAgencia, idSucursal, cedula, nombre, telefono, correo) VALUES (49, 2, 19, 1000049, 'Mariana Sanchez', 3100000049, 'asesor49@email.com');
INSERT INTO Asesores (idAsesor, idAgencia, idSucursal, cedula, nombre, telefono, correo) VALUES (50, 2, 19, 1000050, 'Laura Perez', 3100000050, 'asesor50@email.com');

-- Clientes
INSERT INTO Clientes (idCliente, idAgencia, idAsesor, nombre, correo, telefono, direccion) VALUES (1, 5, 5, 'Maria Sanchez', 'cliente1@email.com', 3200000001, 'Transversal 1 # 1-1');
INSERT INTO Clientes (idCliente, idAgencia, idAsesor, nombre, correo, telefono, direccion) VALUES (2, 5, 5, 'Maria Diaz', 'cliente2@email.com', 3200000002, 'Transversal 2 # 2-2');
INSERT INTO Clientes (idCliente, idAgencia, idAsesor, nombre, correo, telefono, direccion) VALUES (3, 5, 5, 'Mateo Sanchez', 'cliente3@email.com', 3200000003, 'Transversal 3 # 3-3');
INSERT INTO Clientes (idCliente, idAgencia, idAsesor, nombre, correo, telefono, direccion) VALUES (4, 7, 18, 'Isabella Hernandez', 'cliente4@email.com', 3200000004, 'Transversal 4 # 4-4');
INSERT INTO Clientes (idCliente, idAgencia, idAsesor, nombre, correo, telefono, direccion) VALUES (5, 2, 35, 'Luis Ruiz', 'cliente5@email.com', 3200000005, 'Transversal 5 # 5-5');
INSERT INTO Clientes (idCliente, idAgencia, idAsesor, nombre, correo, telefono, direccion) VALUES (6, 4, 37, 'Isabella Sanchez', 'cliente6@email.com', 3200000006, 'Transversal 6 # 6-6');
INSERT INTO Clientes (idCliente, idAgencia, idAsesor, nombre, correo, telefono, direccion) VALUES (7, 2, 31, 'Valentina Hernandez', 'cliente7@email.com', 3200000007, 'Transversal 7 # 7-7');
INSERT INTO Clientes (idCliente, idAgencia, idAsesor, nombre, correo, telefono, direccion) VALUES (8, 10, 7, 'Ana Jimenez', 'cliente8@email.com', 3200000008, 'Transversal 8 # 8-8');
INSERT INTO Clientes (idCliente, idAgencia, idAsesor, nombre, correo, telefono, direccion) VALUES (9, 6, 23, 'Valentina Jimenez', 'cliente9@email.com', 3200000009, 'Transversal 9 # 9-9');
INSERT INTO Clientes (idCliente, idAgencia, idAsesor, nombre, correo, telefono, direccion) VALUES (10, 8, 30, 'Maria Lopez', 'cliente10@email.com', 3200000010, 'Transversal 10 # 10-10');
INSERT INTO Clientes (idCliente, idAgencia, idAsesor, nombre, correo, telefono, direccion) VALUES (11, 3, 4, 'Diego Diaz', 'cliente11@email.com', 3200000011, 'Transversal 11 # 11-11');
INSERT INTO Clientes (idCliente, idAgencia, idAsesor, nombre, correo, telefono, direccion) VALUES (12, 10, 7, 'Laura Hernandez', 'cliente12@email.com', 3200000012, 'Transversal 12 # 12-12');
INSERT INTO Clientes (idCliente, idAgencia, idAsesor, nombre, correo, telefono, direccion) VALUES (13, 6, 13, 'Mariana Moreno', 'cliente13@email.com', 3200000013, 'Transversal 13 # 13-13');
INSERT INTO Clientes (idCliente, idAgencia, idAsesor, nombre, correo, telefono, direccion) VALUES (14, 7, 9, 'Valentina Garcia', 'cliente14@email.com', 3200000014, 'Transversal 14 # 14-14');
INSERT INTO Clientes (idCliente, idAgencia, idAsesor, nombre, correo, telefono, direccion) VALUES (15, 7, 18, 'Gabriel Sanchez', 'cliente15@email.com', 3200000015, 'Transversal 15 # 15-15');
INSERT INTO Clientes (idCliente, idAgencia, idAsesor, nombre, correo, telefono, direccion) VALUES (16, 5, 5, 'Gabriel Romero', 'cliente16@email.com', 3200000016, 'Transversal 16 # 16-16');
INSERT INTO Clientes (idCliente, idAgencia, idAsesor, nombre, correo, telefono, direccion) VALUES (17, 10, 7, 'Maria Romero', 'cliente17@email.com', 3200000017, 'Transversal 17 # 17-17');
INSERT INTO Clientes (idCliente, idAgencia, idAsesor, nombre, correo, telefono, direccion) VALUES (18, 6, 1, 'Pedro Sanchez', 'cliente18@email.com', 3200000018, 'Transversal 18 # 18-18');
INSERT INTO Clientes (idCliente, idAgencia, idAsesor, nombre, correo, telefono, direccion) VALUES (19, 7, 11, 'Valentina Muñoz', 'cliente19@email.com', 3200000019, 'Transversal 19 # 19-19');
INSERT INTO Clientes (idCliente, idAgencia, idAsesor, nombre, correo, telefono, direccion) VALUES (20, 2, 31, 'Jose Castillo', 'cliente20@email.com', 3200000020, 'Transversal 20 # 20-20');
INSERT INTO Clientes (idCliente, idAgencia, idAsesor, nombre, correo, telefono, direccion) VALUES (21, 3, 4, 'Carmen Castillo', 'cliente21@email.com', 3200000021, 'Transversal 21 # 21-21');
INSERT INTO Clientes (idCliente, idAgencia, idAsesor, nombre, correo, telefono, direccion) VALUES (22, 6, 1, 'Diego Ramirez', 'cliente22@email.com', 3200000022, 'Transversal 22 # 22-22');
INSERT INTO Clientes (idCliente, idAgencia, idAsesor, nombre, correo, telefono, direccion) VALUES (23, 8, 30, 'Sofia Jimenez', 'cliente23@email.com', 3200000023, 'Transversal 23 # 23-23');
INSERT INTO Clientes (idCliente, idAgencia, idAsesor, nombre, correo, telefono, direccion) VALUES (24, 6, 45, 'Mariana Muñoz', 'cliente24@email.com', 3200000024, 'Transversal 24 # 24-24');
INSERT INTO Clientes (idCliente, idAgencia, idAsesor, nombre, correo, telefono, direccion) VALUES (25, 8, 10, 'Jose Torres', 'cliente25@email.com', 3200000025, 'Transversal 25 # 25-25');
INSERT INTO Clientes (idCliente, idAgencia, idAsesor, nombre, correo, telefono, direccion) VALUES (26, 3, 14, 'Maria Ruiz', 'cliente26@email.com', 3200000026, 'Transversal 26 # 26-26');
INSERT INTO Clientes (idCliente, idAgencia, idAsesor, nombre, correo, telefono, direccion) VALUES (27, 3, 48, 'Mariana Gomez', 'cliente27@email.com', 3200000027, 'Transversal 27 # 27-27');
INSERT INTO Clientes (idCliente, idAgencia, idAsesor, nombre, correo, telefono, direccion) VALUES (28, 3, 48, 'Andres Gomez', 'cliente28@email.com', 3200000028, 'Transversal 28 # 28-28');
INSERT INTO Clientes (idCliente, idAgencia, idAsesor, nombre, correo, telefono, direccion) VALUES (29, 3, 4, 'Lucas Muñoz', 'cliente29@email.com', 3200000029, 'Transversal 29 # 29-29');
INSERT INTO Clientes (idCliente, idAgencia, idAsesor, nombre, correo, telefono, direccion) VALUES (30, 9, 33, 'Mateo Garcia', 'cliente30@email.com', 3200000030, 'Transversal 30 # 30-30');
INSERT INTO Clientes (idCliente, idAgencia, idAsesor, nombre, correo, telefono, direccion) VALUES (31, 3, 4, 'Mateo Rodriguez', 'cliente31@email.com', 3200000031, 'Transversal 31 # 31-31');
INSERT INTO Clientes (idCliente, idAgencia, idAsesor, nombre, correo, telefono, direccion) VALUES (32, 5, 12, 'Pedro Navarro', 'cliente32@email.com', 3200000032, 'Transversal 32 # 32-32');
INSERT INTO Clientes (idCliente, idAgencia, idAsesor, nombre, correo, telefono, direccion) VALUES (33, 5, 5, 'Laura Castillo', 'cliente33@email.com', 3200000033, 'Transversal 33 # 33-33');
INSERT INTO Clientes (idCliente, idAgencia, idAsesor, nombre, correo, telefono, direccion) VALUES (34, 3, 8, 'Lucas Sanchez', 'cliente34@email.com', 3200000034, 'Transversal 34 # 34-34');
INSERT INTO Clientes (idCliente, idAgencia, idAsesor, nombre, correo, telefono, direccion) VALUES (35, 7, 38, 'Daniela Gomez', 'cliente35@email.com', 3200000035, 'Transversal 35 # 35-35');
INSERT INTO Clientes (idCliente, idAgencia, idAsesor, nombre, correo, telefono, direccion) VALUES (36, 9, 40, 'Pedro Jimenez', 'cliente36@email.com', 3200000036, 'Transversal 36 # 36-36');
INSERT INTO Clientes (idCliente, idAgencia, idAsesor, nombre, correo, telefono, direccion) VALUES (37, 2, 43, 'Lucas Ruiz', 'cliente37@email.com', 3200000037, 'Transversal 37 # 37-37');
INSERT INTO Clientes (idCliente, idAgencia, idAsesor, nombre, correo, telefono, direccion) VALUES (38, 10, 34, 'Andres Ramirez', 'cliente38@email.com', 3200000038, 'Transversal 38 # 38-38');
INSERT INTO Clientes (idCliente, idAgencia, idAsesor, nombre, correo, telefono, direccion) VALUES (39, 3, 14, 'Andres Sanchez', 'cliente39@email.com', 3200000039, 'Transversal 39 # 39-39');
INSERT INTO Clientes (idCliente, idAgencia, idAsesor, nombre, correo, telefono, direccion) VALUES (40, 2, 17, 'Diego Martinez', 'cliente40@email.com', 3200000040, 'Transversal 40 # 40-40');
INSERT INTO Clientes (idCliente, idAgencia, idAsesor, nombre, correo, telefono, direccion) VALUES (41, 2, 43, 'Sofia Moreno', 'cliente41@email.com', 3200000041, 'Transversal 41 # 41-41');
INSERT INTO Clientes (idCliente, idAgencia, idAsesor, nombre, correo, telefono, direccion) VALUES (42, 6, 21, 'Pedro Perez', 'cliente42@email.com', 3200000042, 'Transversal 42 # 42-42');
INSERT INTO Clientes (idCliente, idAgencia, idAsesor, nombre, correo, telefono, direccion) VALUES (43, 8, 30, 'Daniela Ruiz', 'cliente43@email.com', 3200000043, 'Transversal 43 # 43-43');
INSERT INTO Clientes (idCliente, idAgencia, idAsesor, nombre, correo, telefono, direccion) VALUES (44, 10, 7, 'Pedro Romero', 'cliente44@email.com', 3200000044, 'Transversal 44 # 44-44');
INSERT INTO Clientes (idCliente, idAgencia, idAsesor, nombre, correo, telefono, direccion) VALUES (45, 3, 14, 'Mateo Ramirez', 'cliente45@email.com', 3200000045, 'Transversal 45 # 45-45');
INSERT INTO Clientes (idCliente, idAgencia, idAsesor, nombre, correo, telefono, direccion) VALUES (46, 7, 9, 'Camila Rodriguez', 'cliente46@email.com', 3200000046, 'Transversal 46 # 46-46');
INSERT INTO Clientes (idCliente, idAgencia, idAsesor, nombre, correo, telefono, direccion) VALUES (47, 5, 16, 'Camila Torres', 'cliente47@email.com', 3200000047, 'Transversal 47 # 47-47');
INSERT INTO Clientes (idCliente, idAgencia, idAsesor, nombre, correo, telefono, direccion) VALUES (48, 7, 11, 'Gabriel Romero', 'cliente48@email.com', 3200000048, 'Transversal 48 # 48-48');
INSERT INTO Clientes (idCliente, idAgencia, idAsesor, nombre, correo, telefono, direccion) VALUES (49, 8, 46, 'Sofia Navarro', 'cliente49@email.com', 3200000049, 'Transversal 49 # 49-49');
INSERT INTO Clientes (idCliente, idAgencia, idAsesor, nombre, correo, telefono, direccion) VALUES (50, 7, 42, 'Mateo Perez', 'cliente50@email.com', 3200000050, 'Transversal 50 # 50-50');
INSERT INTO Clientes (idCliente, idAgencia, idAsesor, nombre, correo, telefono, direccion) VALUES (51, 2, 43, 'Mariana Torres', 'cliente51@email.com', 3200000051, 'Transversal 51 # 51-51');
INSERT INTO Clientes (idCliente, idAgencia, idAsesor, nombre, correo, telefono, direccion) VALUES (52, 2, 43, 'Ana Martinez', 'cliente52@email.com', 3200000052, 'Transversal 52 # 52-52');
INSERT INTO Clientes (idCliente, idAgencia, idAsesor, nombre, correo, telefono, direccion) VALUES (53, 2, 17, 'Ana Lopez', 'cliente53@email.com', 3200000053, 'Transversal 53 # 53-53');
INSERT INTO Clientes (idCliente, idAgencia, idAsesor, nombre, correo, telefono, direccion) VALUES (54, 3, 48, 'Mariana Martinez', 'cliente54@email.com', 3200000054, 'Transversal 54 # 54-54');
INSERT INTO Clientes (idCliente, idAgencia, idAsesor, nombre, correo, telefono, direccion) VALUES (55, 7, 18, 'Sofia Navarro', 'cliente55@email.com', 3200000055, 'Transversal 55 # 55-55');
INSERT INTO Clientes (idCliente, idAgencia, idAsesor, nombre, correo, telefono, direccion) VALUES (56, 3, 14, 'Andres Hernandez', 'cliente56@email.com', 3200000056, 'Transversal 56 # 56-56');
INSERT INTO Clientes (idCliente, idAgencia, idAsesor, nombre, correo, telefono, direccion) VALUES (57, 2, 44, 'Carlos Rojas', 'cliente57@email.com', 3200000057, 'Transversal 57 # 57-57');
INSERT INTO Clientes (idCliente, idAgencia, idAsesor, nombre, correo, telefono, direccion) VALUES (58, 4, 32, 'Carlos Gomez', 'cliente58@email.com', 3200000058, 'Transversal 58 # 58-58');
INSERT INTO Clientes (idCliente, idAgencia, idAsesor, nombre, correo, telefono, direccion) VALUES (59, 10, 6, 'Valentina Ramirez', 'cliente59@email.com', 3200000059, 'Transversal 59 # 59-59');
INSERT INTO Clientes (idCliente, idAgencia, idAsesor, nombre, correo, telefono, direccion) VALUES (60, 5, 3, 'Juan Diaz', 'cliente60@email.com', 3200000060, 'Transversal 60 # 60-60');
INSERT INTO Clientes (idCliente, idAgencia, idAsesor, nombre, correo, telefono, direccion) VALUES (61, 2, 50, 'Luis Ramirez', 'cliente61@email.com', 3200000061, 'Transversal 61 # 61-61');
INSERT INTO Clientes (idCliente, idAgencia, idAsesor, nombre, correo, telefono, direccion) VALUES (62, 7, 11, 'Gabriel Romero', 'cliente62@email.com', 3200000062, 'Transversal 62 # 62-62');
INSERT INTO Clientes (idCliente, idAgencia, idAsesor, nombre, correo, telefono, direccion) VALUES (63, 8, 46, 'Valentina Romero', 'cliente63@email.com', 3200000063, 'Transversal 63 # 63-63');
INSERT INTO Clientes (idCliente, idAgencia, idAsesor, nombre, correo, telefono, direccion) VALUES (64, 6, 1, 'Ana Rodriguez', 'cliente64@email.com', 3200000064, 'Transversal 64 # 64-64');
INSERT INTO Clientes (idCliente, idAgencia, idAsesor, nombre, correo, telefono, direccion) VALUES (65, 6, 45, 'Luis Romero', 'cliente65@email.com', 3200000065, 'Transversal 65 # 65-65');
INSERT INTO Clientes (idCliente, idAgencia, idAsesor, nombre, correo, telefono, direccion) VALUES (66, 5, 3, 'Camila Ruiz', 'cliente66@email.com', 3200000066, 'Transversal 66 # 66-66');
INSERT INTO Clientes (idCliente, idAgencia, idAsesor, nombre, correo, telefono, direccion) VALUES (67, 6, 36, 'Luis Jimenez', 'cliente67@email.com', 3200000067, 'Transversal 67 # 67-67');
INSERT INTO Clientes (idCliente, idAgencia, idAsesor, nombre, correo, telefono, direccion) VALUES (68, 7, 9, 'Maria Torres', 'cliente68@email.com', 3200000068, 'Transversal 68 # 68-68');
INSERT INTO Clientes (idCliente, idAgencia, idAsesor, nombre, correo, telefono, direccion) VALUES (69, 9, 24, 'Maria Vargas', 'cliente69@email.com', 3200000069, 'Transversal 69 # 69-69');
INSERT INTO Clientes (idCliente, idAgencia, idAsesor, nombre, correo, telefono, direccion) VALUES (70, 3, 14, 'Laura Lopez', 'cliente70@email.com', 3200000070, 'Transversal 70 # 70-70');
INSERT INTO Clientes (idCliente, idAgencia, idAsesor, nombre, correo, telefono, direccion) VALUES (71, 6, 23, 'Mariana Jimenez', 'cliente71@email.com', 3200000071, 'Transversal 71 # 71-71');
INSERT INTO Clientes (idCliente, idAgencia, idAsesor, nombre, correo, telefono, direccion) VALUES (72, 9, 40, 'Luis Sanchez', 'cliente72@email.com', 3200000072, 'Transversal 72 # 72-72');
INSERT INTO Clientes (idCliente, idAgencia, idAsesor, nombre, correo, telefono, direccion) VALUES (73, 7, 11, 'Carmen Jimenez', 'cliente73@email.com', 3200000073, 'Transversal 73 # 73-73');
INSERT INTO Clientes (idCliente, idAgencia, idAsesor, nombre, correo, telefono, direccion) VALUES (74, 2, 2, 'Carmen Diaz', 'cliente74@email.com', 3200000074, 'Transversal 74 # 74-74');
INSERT INTO Clientes (idCliente, idAgencia, idAsesor, nombre, correo, telefono, direccion) VALUES (75, 6, 27, 'Laura Ramirez', 'cliente75@email.com', 3200000075, 'Transversal 75 # 75-75');
INSERT INTO Clientes (idCliente, idAgencia, idAsesor, nombre, correo, telefono, direccion) VALUES (76, 7, 11, 'Ana Castillo', 'cliente76@email.com', 3200000076, 'Transversal 76 # 76-76');
INSERT INTO Clientes (idCliente, idAgencia, idAsesor, nombre, correo, telefono, direccion) VALUES (77, 5, 3, 'Isabella Sanchez', 'cliente77@email.com', 3200000077, 'Transversal 77 # 77-77');
INSERT INTO Clientes (idCliente, idAgencia, idAsesor, nombre, correo, telefono, direccion) VALUES (78, 6, 13, 'Gabriel Vargas', 'cliente78@email.com', 3200000078, 'Transversal 78 # 78-78');
INSERT INTO Clientes (idCliente, idAgencia, idAsesor, nombre, correo, telefono, direccion) VALUES (79, 5, 20, 'Laura Sanchez', 'cliente79@email.com', 3200000079, 'Transversal 79 # 79-79');
INSERT INTO Clientes (idCliente, idAgencia, idAsesor, nombre, correo, telefono, direccion) VALUES (80, 2, 2, 'Jose Castillo', 'cliente80@email.com', 3200000080, 'Transversal 80 # 80-80');
INSERT INTO Clientes (idCliente, idAgencia, idAsesor, nombre, correo, telefono, direccion) VALUES (81, 3, 22, 'Carlos Rodriguez', 'cliente81@email.com', 3200000081, 'Transversal 81 # 81-81');
INSERT INTO Clientes (idCliente, idAgencia, idAsesor, nombre, correo, telefono, direccion) VALUES (82, 2, 50, 'Carlos Vargas', 'cliente82@email.com', 3200000082, 'Transversal 82 # 82-82');
INSERT INTO Clientes (idCliente, idAgencia, idAsesor, nombre, correo, telefono, direccion) VALUES (83, 7, 42, 'Mateo Castillo', 'cliente83@email.com', 3200000083, 'Transversal 83 # 83-83');
INSERT INTO Clientes (idCliente, idAgencia, idAsesor, nombre, correo, telefono, direccion) VALUES (84, 2, 44, 'Mariana Diaz', 'cliente84@email.com', 3200000084, 'Transversal 84 # 84-84');
INSERT INTO Clientes (idCliente, idAgencia, idAsesor, nombre, correo, telefono, direccion) VALUES (85, 2, 2, 'Ana Ramirez', 'cliente85@email.com', 3200000085, 'Transversal 85 # 85-85');
INSERT INTO Clientes (idCliente, idAgencia, idAsesor, nombre, correo, telefono, direccion) VALUES (86, 5, 12, 'Lucas Ramirez', 'cliente86@email.com', 3200000086, 'Transversal 86 # 86-86');
INSERT INTO Clientes (idCliente, idAgencia, idAsesor, nombre, correo, telefono, direccion) VALUES (87, 5, 3, 'Ana Navarro', 'cliente87@email.com', 3200000087, 'Transversal 87 # 87-87');
INSERT INTO Clientes (idCliente, idAgencia, idAsesor, nombre, correo, telefono, direccion) VALUES (88, 2, 28, 'Camila Diaz', 'cliente88@email.com', 3200000088, 'Transversal 88 # 88-88');
INSERT INTO Clientes (idCliente, idAgencia, idAsesor, nombre, correo, telefono, direccion) VALUES (89, 2, 28, 'Daniela Rojas', 'cliente89@email.com', 3200000089, 'Transversal 89 # 89-89');
INSERT INTO Clientes (idCliente, idAgencia, idAsesor, nombre, correo, telefono, direccion) VALUES (90, 3, 8, 'Diego Ruiz', 'cliente90@email.com', 3200000090, 'Transversal 90 # 90-90');
INSERT INTO Clientes (idCliente, idAgencia, idAsesor, nombre, correo, telefono, direccion) VALUES (91, 6, 13, 'Carlos Gomez', 'cliente91@email.com', 3200000091, 'Transversal 91 # 91-91');
INSERT INTO Clientes (idCliente, idAgencia, idAsesor, nombre, correo, telefono, direccion) VALUES (92, 8, 46, 'Valentina Perez', 'cliente92@email.com', 3200000092, 'Transversal 92 # 92-92');
INSERT INTO Clientes (idCliente, idAgencia, idAsesor, nombre, correo, telefono, direccion) VALUES (93, 10, 34, 'Mariana Hernandez', 'cliente93@email.com', 3200000093, 'Transversal 93 # 93-93');
INSERT INTO Clientes (idCliente, idAgencia, idAsesor, nombre, correo, telefono, direccion) VALUES (94, 9, 24, 'Valentina Rodriguez', 'cliente94@email.com', 3200000094, 'Transversal 94 # 94-94');
INSERT INTO Clientes (idCliente, idAgencia, idAsesor, nombre, correo, telefono, direccion) VALUES (95, 2, 43, 'Andres Navarro', 'cliente95@email.com', 3200000095, 'Transversal 95 # 95-95');
INSERT INTO Clientes (idCliente, idAgencia, idAsesor, nombre, correo, telefono, direccion) VALUES (96, 6, 21, 'Ana Torres', 'cliente96@email.com', 3200000096, 'Transversal 96 # 96-96');
INSERT INTO Clientes (idCliente, idAgencia, idAsesor, nombre, correo, telefono, direccion) VALUES (97, 9, 33, 'Sofia Jimenez', 'cliente97@email.com', 3200000097, 'Transversal 97 # 97-97');
INSERT INTO Clientes (idCliente, idAgencia, idAsesor, nombre, correo, telefono, direccion) VALUES (98, 6, 21, 'Diego Torres', 'cliente98@email.com', 3200000098, 'Transversal 98 # 98-98');
INSERT INTO Clientes (idCliente, idAgencia, idAsesor, nombre, correo, telefono, direccion) VALUES (99, 6, 36, 'Luis Hernandez', 'cliente99@email.com', 3200000099, 'Transversal 99 # 99-99');
INSERT INTO Clientes (idCliente, idAgencia, idAsesor, nombre, correo, telefono, direccion) VALUES (100, 6, 27, 'Diego Garcia', 'cliente100@email.com', 3200000100, 'Transversal 100 # 100-100');

-- Polizas
INSERT INTO Polizas (idPoliza, numeroPoliza, idCliente, fechaInic, fechaFin, prima, estado, renovable, idSeguro) VALUES (1, 10001, 39, TO_DATE('2025-12-25', 'YYYY-MM-DD'), TO_DATE('2029-08-31', 'YYYY-MM-DD'), 2089768.33, 'Activa', 'N', 5);
INSERT INTO Polizas (idPoliza, numeroPoliza, idCliente, fechaInic, fechaFin, prima, estado, renovable, idSeguro) VALUES (2, 10002, 75, TO_DATE('2025-12-12', 'YYYY-MM-DD'), TO_DATE('2028-11-06', 'YYYY-MM-DD'), 3072641.7, 'Cancelada', 'N', 8);
INSERT INTO Polizas (idPoliza, numeroPoliza, idCliente, fechaInic, fechaFin, prima, estado, renovable, idSeguro) VALUES (3, 10003, 28, TO_DATE('2025-12-20', 'YYYY-MM-DD'), TO_DATE('2030-04-01', 'YYYY-MM-DD'), 2604752.58, 'Activa', 'S', 5);
INSERT INTO Polizas (idPoliza, numeroPoliza, idCliente, fechaInic, fechaFin, prima, estado, renovable, idSeguro) VALUES (4, 10004, 82, TO_DATE('2025-12-22', 'YYYY-MM-DD'), TO_DATE('2030-03-10', 'YYYY-MM-DD'), 3134377.95, 'Activa', 'S', 5);
INSERT INTO Polizas (idPoliza, numeroPoliza, idCliente, fechaInic, fechaFin, prima, estado, renovable, idSeguro) VALUES (5, 10005, 19, TO_DATE('2025-12-13', 'YYYY-MM-DD'), TO_DATE('2027-07-23', 'YYYY-MM-DD'), 219684.4, 'Activa', 'N', 10);
INSERT INTO Polizas (idPoliza, numeroPoliza, idCliente, fechaInic, fechaFin, prima, estado, renovable, idSeguro) VALUES (6, 10006, 10, TO_DATE('2026-01-02', 'YYYY-MM-DD'), TO_DATE('2030-10-21', 'YYYY-MM-DD'), 2331539.23, 'Activa', 'N', 8);
INSERT INTO Polizas (idPoliza, numeroPoliza, idCliente, fechaInic, fechaFin, prima, estado, renovable, idSeguro) VALUES (7, 10007, 19, TO_DATE('2025-12-18', 'YYYY-MM-DD'), TO_DATE('2027-10-28', 'YYYY-MM-DD'), 3314684.25, 'Activa', 'S', 7);
INSERT INTO Polizas (idPoliza, numeroPoliza, idCliente, fechaInic, fechaFin, prima, estado, renovable, idSeguro) VALUES (8, 10008, 90, TO_DATE('2025-12-13', 'YYYY-MM-DD'), TO_DATE('2027-06-06', 'YYYY-MM-DD'), 2637992.98, 'Activa', 'S', 2);
INSERT INTO Polizas (idPoliza, numeroPoliza, idCliente, fechaInic, fechaFin, prima, estado, renovable, idSeguro) VALUES (9, 10009, 60, TO_DATE('2025-12-20', 'YYYY-MM-DD'), TO_DATE('2027-03-18', 'YYYY-MM-DD'), 3371130.89, 'Cancelada', 'N', 10);
INSERT INTO Polizas (idPoliza, numeroPoliza, idCliente, fechaInic, fechaFin, prima, estado, renovable, idSeguro) VALUES (10, 10010, 65, TO_DATE('2026-01-01', 'YYYY-MM-DD'), TO_DATE('2030-07-12', 'YYYY-MM-DD'), 2191029.71, 'Cancelada', 'S', 8);
INSERT INTO Polizas (idPoliza, numeroPoliza, idCliente, fechaInic, fechaFin, prima, estado, renovable, idSeguro) VALUES (11, 10011, 97, TO_DATE('2025-12-20', 'YYYY-MM-DD'), TO_DATE('2027-11-30', 'YYYY-MM-DD'), 1311474.71, 'Cancelada', 'N', 4);
INSERT INTO Polizas (idPoliza, numeroPoliza, idCliente, fechaInic, fechaFin, prima, estado, renovable, idSeguro) VALUES (12, 10012, 10, TO_DATE('2025-12-14', 'YYYY-MM-DD'), TO_DATE('2028-11-28', 'YYYY-MM-DD'), 3596369.83, 'Activa', 'N', 6);
INSERT INTO Polizas (idPoliza, numeroPoliza, idCliente, fechaInic, fechaFin, prima, estado, renovable, idSeguro) VALUES (13, 10013, 11, TO_DATE('2025-12-16', 'YYYY-MM-DD'), TO_DATE('2029-06-24', 'YYYY-MM-DD'), 778032.9, 'Activa', 'N', 3);
INSERT INTO Polizas (idPoliza, numeroPoliza, idCliente, fechaInic, fechaFin, prima, estado, renovable, idSeguro) VALUES (14, 10014, 9, TO_DATE('2025-12-28', 'YYYY-MM-DD'), TO_DATE('2027-09-07', 'YYYY-MM-DD'), 2132852.69, 'Cancelada', 'N', 7);
INSERT INTO Polizas (idPoliza, numeroPoliza, idCliente, fechaInic, fechaFin, prima, estado, renovable, idSeguro) VALUES (15, 10015, 54, TO_DATE('2025-12-07', 'YYYY-MM-DD'), TO_DATE('2027-08-02', 'YYYY-MM-DD'), 2008436.38, 'Activa', 'N', 8);
INSERT INTO Polizas (idPoliza, numeroPoliza, idCliente, fechaInic, fechaFin, prima, estado, renovable, idSeguro) VALUES (16, 10016, 39, TO_DATE('2025-12-06', 'YYYY-MM-DD'), TO_DATE('2028-05-24', 'YYYY-MM-DD'), 3792028.11, 'Cancelada', 'S', 8);
INSERT INTO Polizas (idPoliza, numeroPoliza, idCliente, fechaInic, fechaFin, prima, estado, renovable, idSeguro) VALUES (17, 10017, 56, TO_DATE('2025-12-13', 'YYYY-MM-DD'), TO_DATE('2027-12-21', 'YYYY-MM-DD'), 2479645.77, 'Cancelada', 'N', 7);
INSERT INTO Polizas (idPoliza, numeroPoliza, idCliente, fechaInic, fechaFin, prima, estado, renovable, idSeguro) VALUES (18, 10018, 60, TO_DATE('2025-12-29', 'YYYY-MM-DD'), TO_DATE('2027-05-31', 'YYYY-MM-DD'), 4605753.94, 'Activa', 'N', 10);
INSERT INTO Polizas (idPoliza, numeroPoliza, idCliente, fechaInic, fechaFin, prima, estado, renovable, idSeguro) VALUES (19, 10019, 4, TO_DATE('2025-12-24', 'YYYY-MM-DD'), TO_DATE('2030-03-10', 'YYYY-MM-DD'), 511342.56, 'Cancelada', 'S', 8);
INSERT INTO Polizas (idPoliza, numeroPoliza, idCliente, fechaInic, fechaFin, prima, estado, renovable, idSeguro) VALUES (20, 10020, 34, TO_DATE('2025-12-11', 'YYYY-MM-DD'), TO_DATE('2026-09-19', 'YYYY-MM-DD'), 1957608.93, 'Activa', 'N', 6);
INSERT INTO Polizas (idPoliza, numeroPoliza, idCliente, fechaInic, fechaFin, prima, estado, renovable, idSeguro) VALUES (21, 10021, 49, TO_DATE('2025-12-16', 'YYYY-MM-DD'), TO_DATE('2030-09-19', 'YYYY-MM-DD'), 1463457.42, 'Cancelada', 'N', 2);
INSERT INTO Polizas (idPoliza, numeroPoliza, idCliente, fechaInic, fechaFin, prima, estado, renovable, idSeguro) VALUES (22, 10022, 96, TO_DATE('2025-12-21', 'YYYY-MM-DD'), TO_DATE('2026-07-28', 'YYYY-MM-DD'), 2743153.33, 'Cancelada', 'S', 2);
INSERT INTO Polizas (idPoliza, numeroPoliza, idCliente, fechaInic, fechaFin, prima, estado, renovable, idSeguro) VALUES (23, 10023, 6, TO_DATE('2025-12-30', 'YYYY-MM-DD'), TO_DATE('2030-02-21', 'YYYY-MM-DD'), 3795742.7, 'Activa', 'S', 1);
INSERT INTO Polizas (idPoliza, numeroPoliza, idCliente, fechaInic, fechaFin, prima, estado, renovable, idSeguro) VALUES (24, 10024, 31, TO_DATE('2025-12-25', 'YYYY-MM-DD'), TO_DATE('2027-05-01', 'YYYY-MM-DD'), 718482.78, 'Activa', 'S', 8);
INSERT INTO Polizas (idPoliza, numeroPoliza, idCliente, fechaInic, fechaFin, prima, estado, renovable, idSeguro) VALUES (25, 10025, 99, TO_DATE('2025-12-28', 'YYYY-MM-DD'), TO_DATE('2027-12-02', 'YYYY-MM-DD'), 1907586.35, 'Activa', 'S', 5);
INSERT INTO Polizas (idPoliza, numeroPoliza, idCliente, fechaInic, fechaFin, prima, estado, renovable, idSeguro) VALUES (26, 10026, 4, TO_DATE('2025-12-09', 'YYYY-MM-DD'), TO_DATE('2029-09-04', 'YYYY-MM-DD'), 4651547.13, 'Cancelada', 'N', 4);
INSERT INTO Polizas (idPoliza, numeroPoliza, idCliente, fechaInic, fechaFin, prima, estado, renovable, idSeguro) VALUES (27, 10027, 89, TO_DATE('2025-12-08', 'YYYY-MM-DD'), TO_DATE('2029-09-30', 'YYYY-MM-DD'), 4169801.01, 'Activa', 'S', 5);
INSERT INTO Polizas (idPoliza, numeroPoliza, idCliente, fechaInic, fechaFin, prima, estado, renovable, idSeguro) VALUES (28, 10028, 77, TO_DATE('2026-01-02', 'YYYY-MM-DD'), TO_DATE('2030-05-02', 'YYYY-MM-DD'), 4047087.02, 'Activa', 'N', 9);
INSERT INTO Polizas (idPoliza, numeroPoliza, idCliente, fechaInic, fechaFin, prima, estado, renovable, idSeguro) VALUES (29, 10029, 48, TO_DATE('2025-12-19', 'YYYY-MM-DD'), TO_DATE('2030-03-02', 'YYYY-MM-DD'), 437888.01, 'Cancelada', 'S', 7);
INSERT INTO Polizas (idPoliza, numeroPoliza, idCliente, fechaInic, fechaFin, prima, estado, renovable, idSeguro) VALUES (30, 10030, 14, TO_DATE('2026-01-01', 'YYYY-MM-DD'), TO_DATE('2029-03-29', 'YYYY-MM-DD'), 2224264.67, 'Cancelada', 'N', 3);
INSERT INTO Polizas (idPoliza, numeroPoliza, idCliente, fechaInic, fechaFin, prima, estado, renovable, idSeguro) VALUES (31, 10031, 94, TO_DATE('2025-12-19', 'YYYY-MM-DD'), TO_DATE('2027-06-12', 'YYYY-MM-DD'), 2656559.06, 'Cancelada', 'N', 8);
INSERT INTO Polizas (idPoliza, numeroPoliza, idCliente, fechaInic, fechaFin, prima, estado, renovable, idSeguro) VALUES (32, 10032, 76, TO_DATE('2025-12-19', 'YYYY-MM-DD'), TO_DATE('2030-07-23', 'YYYY-MM-DD'), 1415138.14, 'Activa', 'S', 5);
INSERT INTO Polizas (idPoliza, numeroPoliza, idCliente, fechaInic, fechaFin, prima, estado, renovable, idSeguro) VALUES (33, 10033, 32, TO_DATE('2026-01-03', 'YYYY-MM-DD'), TO_DATE('2029-01-10', 'YYYY-MM-DD'), 3777333.78, 'Cancelada', 'N', 1);
INSERT INTO Polizas (idPoliza, numeroPoliza, idCliente, fechaInic, fechaFin, prima, estado, renovable, idSeguro) VALUES (34, 10034, 24, TO_DATE('2025-12-21', 'YYYY-MM-DD'), TO_DATE('2028-04-14', 'YYYY-MM-DD'), 2488994.67, 'Cancelada', 'N', 6);
INSERT INTO Polizas (idPoliza, numeroPoliza, idCliente, fechaInic, fechaFin, prima, estado, renovable, idSeguro) VALUES (35, 10035, 90, TO_DATE('2025-12-14', 'YYYY-MM-DD'), TO_DATE('2029-10-14', 'YYYY-MM-DD'), 4412525.99, 'Activa', 'S', 2);
INSERT INTO Polizas (idPoliza, numeroPoliza, idCliente, fechaInic, fechaFin, prima, estado, renovable, idSeguro) VALUES (36, 10036, 53, TO_DATE('2025-12-13', 'YYYY-MM-DD'), TO_DATE('2030-06-24', 'YYYY-MM-DD'), 2494031.45, 'Activa', 'N', 8);
INSERT INTO Polizas (idPoliza, numeroPoliza, idCliente, fechaInic, fechaFin, prima, estado, renovable, idSeguro) VALUES (37, 10037, 3, TO_DATE('2025-12-20', 'YYYY-MM-DD'), TO_DATE('2030-11-27', 'YYYY-MM-DD'), 555961.42, 'Activa', 'N', 4);
INSERT INTO Polizas (idPoliza, numeroPoliza, idCliente, fechaInic, fechaFin, prima, estado, renovable, idSeguro) VALUES (38, 10038, 75, TO_DATE('2025-12-15', 'YYYY-MM-DD'), TO_DATE('2030-03-03', 'YYYY-MM-DD'), 1908200.21, 'Cancelada', 'N', 9);
INSERT INTO Polizas (idPoliza, numeroPoliza, idCliente, fechaInic, fechaFin, prima, estado, renovable, idSeguro) VALUES (39, 10039, 90, TO_DATE('2025-12-16', 'YYYY-MM-DD'), TO_DATE('2028-06-03', 'YYYY-MM-DD'), 2323351.79, 'Cancelada', 'N', 4);
INSERT INTO Polizas (idPoliza, numeroPoliza, idCliente, fechaInic, fechaFin, prima, estado, renovable, idSeguro) VALUES (40, 10040, 25, TO_DATE('2025-12-09', 'YYYY-MM-DD'), TO_DATE('2030-06-23', 'YYYY-MM-DD'), 1646184.93, 'Activa', 'S', 4);
INSERT INTO Polizas (idPoliza, numeroPoliza, idCliente, fechaInic, fechaFin, prima, estado, renovable, idSeguro) VALUES (41, 10041, 36, TO_DATE('2025-12-29', 'YYYY-MM-DD'), TO_DATE('2029-03-14', 'YYYY-MM-DD'), 3650466.51, 'Cancelada', 'S', 4);
INSERT INTO Polizas (idPoliza, numeroPoliza, idCliente, fechaInic, fechaFin, prima, estado, renovable, idSeguro) VALUES (42, 10042, 47, TO_DATE('2025-12-15', 'YYYY-MM-DD'), TO_DATE('2027-09-21', 'YYYY-MM-DD'), 979263.56, 'Activa', 'S', 5);
INSERT INTO Polizas (idPoliza, numeroPoliza, idCliente, fechaInic, fechaFin, prima, estado, renovable, idSeguro) VALUES (43, 10043, 71, TO_DATE('2025-12-07', 'YYYY-MM-DD'), TO_DATE('2026-09-24', 'YYYY-MM-DD'), 1531469.56, 'Activa', 'N', 2);
INSERT INTO Polizas (idPoliza, numeroPoliza, idCliente, fechaInic, fechaFin, prima, estado, renovable, idSeguro) VALUES (44, 10044, 74, TO_DATE('2026-01-02', 'YYYY-MM-DD'), TO_DATE('2026-07-26', 'YYYY-MM-DD'), 1493262.7, 'Cancelada', 'N', 6);
INSERT INTO Polizas (idPoliza, numeroPoliza, idCliente, fechaInic, fechaFin, prima, estado, renovable, idSeguro) VALUES (45, 10045, 33, TO_DATE('2025-12-11', 'YYYY-MM-DD'), TO_DATE('2026-09-22', 'YYYY-MM-DD'), 4711211.62, 'Cancelada', 'S', 2);
INSERT INTO Polizas (idPoliza, numeroPoliza, idCliente, fechaInic, fechaFin, prima, estado, renovable, idSeguro) VALUES (46, 10046, 10, TO_DATE('2025-12-18', 'YYYY-MM-DD'), TO_DATE('2029-03-19', 'YYYY-MM-DD'), 2927403.67, 'Activa', 'S', 3);
INSERT INTO Polizas (idPoliza, numeroPoliza, idCliente, fechaInic, fechaFin, prima, estado, renovable, idSeguro) VALUES (47, 10047, 39, TO_DATE('2025-12-31', 'YYYY-MM-DD'), TO_DATE('2029-08-24', 'YYYY-MM-DD'), 517386.45, 'Activa', 'S', 9);
INSERT INTO Polizas (idPoliza, numeroPoliza, idCliente, fechaInic, fechaFin, prima, estado, renovable, idSeguro) VALUES (48, 10048, 78, TO_DATE('2025-12-30', 'YYYY-MM-DD'), TO_DATE('2028-10-27', 'YYYY-MM-DD'), 3021021.54, 'Activa', 'N', 8);
INSERT INTO Polizas (idPoliza, numeroPoliza, idCliente, fechaInic, fechaFin, prima, estado, renovable, idSeguro) VALUES (49, 10049, 39, TO_DATE('2026-01-04', 'YYYY-MM-DD'), TO_DATE('2028-12-25', 'YYYY-MM-DD'), 4314816.66, 'Cancelada', 'N', 10);
INSERT INTO Polizas (idPoliza, numeroPoliza, idCliente, fechaInic, fechaFin, prima, estado, renovable, idSeguro) VALUES (50, 10050, 79, TO_DATE('2025-12-25', 'YYYY-MM-DD'), TO_DATE('2026-10-24', 'YYYY-MM-DD'), 4804533.01, 'Activa', 'S', 4);
INSERT INTO Polizas (idPoliza, numeroPoliza, idCliente, fechaInic, fechaFin, prima, estado, renovable, idSeguro) VALUES (51, 10051, 11, TO_DATE('2025-12-14', 'YYYY-MM-DD'), TO_DATE('2030-02-23', 'YYYY-MM-DD'), 869579.76, 'Activa', 'S', 3);
INSERT INTO Polizas (idPoliza, numeroPoliza, idCliente, fechaInic, fechaFin, prima, estado, renovable, idSeguro) VALUES (52, 10052, 58, TO_DATE('2025-12-06', 'YYYY-MM-DD'), TO_DATE('2028-09-17', 'YYYY-MM-DD'), 3477918.57, 'Cancelada', 'N', 1);
INSERT INTO Polizas (idPoliza, numeroPoliza, idCliente, fechaInic, fechaFin, prima, estado, renovable, idSeguro) VALUES (53, 10053, 91, TO_DATE('2025-12-13', 'YYYY-MM-DD'), TO_DATE('2028-01-22', 'YYYY-MM-DD'), 1485320.03, 'Cancelada', 'S', 4);
INSERT INTO Polizas (idPoliza, numeroPoliza, idCliente, fechaInic, fechaFin, prima, estado, renovable, idSeguro) VALUES (54, 10054, 81, TO_DATE('2026-01-04', 'YYYY-MM-DD'), TO_DATE('2027-12-26', 'YYYY-MM-DD'), 2989968.99, 'Activa', 'N', 2);
INSERT INTO Polizas (idPoliza, numeroPoliza, idCliente, fechaInic, fechaFin, prima, estado, renovable, idSeguro) VALUES (55, 10055, 83, TO_DATE('2025-12-23', 'YYYY-MM-DD'), TO_DATE('2027-09-24', 'YYYY-MM-DD'), 830048.07, 'Cancelada', 'S', 2);
INSERT INTO Polizas (idPoliza, numeroPoliza, idCliente, fechaInic, fechaFin, prima, estado, renovable, idSeguro) VALUES (56, 10056, 40, TO_DATE('2025-12-07', 'YYYY-MM-DD'), TO_DATE('2027-05-10', 'YYYY-MM-DD'), 3015715.78, 'Cancelada', 'N', 2);
INSERT INTO Polizas (idPoliza, numeroPoliza, idCliente, fechaInic, fechaFin, prima, estado, renovable, idSeguro) VALUES (57, 10057, 39, TO_DATE('2025-12-20', 'YYYY-MM-DD'), TO_DATE('2030-04-28', 'YYYY-MM-DD'), 3528695.06, 'Cancelada', 'N', 8);
INSERT INTO Polizas (idPoliza, numeroPoliza, idCliente, fechaInic, fechaFin, prima, estado, renovable, idSeguro) VALUES (58, 10058, 6, TO_DATE('2025-12-08', 'YYYY-MM-DD'), TO_DATE('2029-10-12', 'YYYY-MM-DD'), 4458172.16, 'Cancelada', 'N', 1);
INSERT INTO Polizas (idPoliza, numeroPoliza, idCliente, fechaInic, fechaFin, prima, estado, renovable, idSeguro) VALUES (59, 10059, 87, TO_DATE('2025-12-08', 'YYYY-MM-DD'), TO_DATE('2027-09-17', 'YYYY-MM-DD'), 4196197.21, 'Activa', 'N', 10);
INSERT INTO Polizas (idPoliza, numeroPoliza, idCliente, fechaInic, fechaFin, prima, estado, renovable, idSeguro) VALUES (60, 10060, 97, TO_DATE('2025-12-07', 'YYYY-MM-DD'), TO_DATE('2030-09-14', 'YYYY-MM-DD'), 958434.57, 'Cancelada', 'N', 3);
INSERT INTO Polizas (idPoliza, numeroPoliza, idCliente, fechaInic, fechaFin, prima, estado, renovable, idSeguro) VALUES (61, 10061, 82, TO_DATE('2025-12-24', 'YYYY-MM-DD'), TO_DATE('2028-11-30', 'YYYY-MM-DD'), 4089800.23, 'Activa', 'N', 6);
INSERT INTO Polizas (idPoliza, numeroPoliza, idCliente, fechaInic, fechaFin, prima, estado, renovable, idSeguro) VALUES (62, 10062, 42, TO_DATE('2025-12-19', 'YYYY-MM-DD'), TO_DATE('2028-04-29', 'YYYY-MM-DD'), 3383654.2, 'Activa', 'N', 7);
INSERT INTO Polizas (idPoliza, numeroPoliza, idCliente, fechaInic, fechaFin, prima, estado, renovable, idSeguro) VALUES (63, 10063, 37, TO_DATE('2025-12-28', 'YYYY-MM-DD'), TO_DATE('2029-04-05', 'YYYY-MM-DD'), 3346659.33, 'Cancelada', 'S', 8);
INSERT INTO Polizas (idPoliza, numeroPoliza, idCliente, fechaInic, fechaFin, prima, estado, renovable, idSeguro) VALUES (64, 10064, 33, TO_DATE('2025-12-08', 'YYYY-MM-DD'), TO_DATE('2028-03-11', 'YYYY-MM-DD'), 1684041.55, 'Cancelada', 'S', 9);
INSERT INTO Polizas (idPoliza, numeroPoliza, idCliente, fechaInic, fechaFin, prima, estado, renovable, idSeguro) VALUES (65, 10065, 7, TO_DATE('2025-12-20', 'YYYY-MM-DD'), TO_DATE('2028-10-11', 'YYYY-MM-DD'), 1019154.45, 'Cancelada', 'N', 8);
INSERT INTO Polizas (idPoliza, numeroPoliza, idCliente, fechaInic, fechaFin, prima, estado, renovable, idSeguro) VALUES (66, 10066, 27, TO_DATE('2025-12-30', 'YYYY-MM-DD'), TO_DATE('2026-10-11', 'YYYY-MM-DD'), 1408575.57, 'Activa', 'N', 8);
INSERT INTO Polizas (idPoliza, numeroPoliza, idCliente, fechaInic, fechaFin, prima, estado, renovable, idSeguro) VALUES (67, 10067, 63, TO_DATE('2026-01-03', 'YYYY-MM-DD'), TO_DATE('2030-06-01', 'YYYY-MM-DD'), 694987.81, 'Activa', 'S', 5);
INSERT INTO Polizas (idPoliza, numeroPoliza, idCliente, fechaInic, fechaFin, prima, estado, renovable, idSeguro) VALUES (68, 10068, 71, TO_DATE('2025-12-23', 'YYYY-MM-DD'), TO_DATE('2026-07-19', 'YYYY-MM-DD'), 2099154.37, 'Activa', 'S', 8);
INSERT INTO Polizas (idPoliza, numeroPoliza, idCliente, fechaInic, fechaFin, prima, estado, renovable, idSeguro) VALUES (69, 10069, 20, TO_DATE('2025-12-09', 'YYYY-MM-DD'), TO_DATE('2030-01-23', 'YYYY-MM-DD'), 2542039.97, 'Cancelada', 'N', 7);
INSERT INTO Polizas (idPoliza, numeroPoliza, idCliente, fechaInic, fechaFin, prima, estado, renovable, idSeguro) VALUES (70, 10070, 61, TO_DATE('2026-01-01', 'YYYY-MM-DD'), TO_DATE('2029-03-14', 'YYYY-MM-DD'), 1294281.44, 'Activa', 'N', 4);
INSERT INTO Polizas (idPoliza, numeroPoliza, idCliente, fechaInic, fechaFin, prima, estado, renovable, idSeguro) VALUES (71, 10071, 66, TO_DATE('2026-01-04', 'YYYY-MM-DD'), TO_DATE('2029-11-11', 'YYYY-MM-DD'), 3756833.47, 'Activa', 'S', 5);
INSERT INTO Polizas (idPoliza, numeroPoliza, idCliente, fechaInic, fechaFin, prima, estado, renovable, idSeguro) VALUES (72, 10072, 54, TO_DATE('2025-12-30', 'YYYY-MM-DD'), TO_DATE('2030-12-01', 'YYYY-MM-DD'), 1765388.69, 'Cancelada', 'S', 5);
INSERT INTO Polizas (idPoliza, numeroPoliza, idCliente, fechaInic, fechaFin, prima, estado, renovable, idSeguro) VALUES (73, 10073, 76, TO_DATE('2025-12-29', 'YYYY-MM-DD'), TO_DATE('2028-02-28', 'YYYY-MM-DD'), 2941624.58, 'Cancelada', 'S', 8);
INSERT INTO Polizas (idPoliza, numeroPoliza, idCliente, fechaInic, fechaFin, prima, estado, renovable, idSeguro) VALUES (74, 10074, 45, TO_DATE('2025-12-23', 'YYYY-MM-DD'), TO_DATE('2029-03-08', 'YYYY-MM-DD'), 1728955.78, 'Cancelada', 'N', 6);
INSERT INTO Polizas (idPoliza, numeroPoliza, idCliente, fechaInic, fechaFin, prima, estado, renovable, idSeguro) VALUES (75, 10075, 90, TO_DATE('2026-01-02', 'YYYY-MM-DD'), TO_DATE('2027-07-22', 'YYYY-MM-DD'), 1270147.17, 'Cancelada', 'S', 7);
INSERT INTO Polizas (idPoliza, numeroPoliza, idCliente, fechaInic, fechaFin, prima, estado, renovable, idSeguro) VALUES (76, 10076, 96, TO_DATE('2025-12-07', 'YYYY-MM-DD'), TO_DATE('2028-03-17', 'YYYY-MM-DD'), 2417583.63, 'Cancelada', 'N', 3);
INSERT INTO Polizas (idPoliza, numeroPoliza, idCliente, fechaInic, fechaFin, prima, estado, renovable, idSeguro) VALUES (77, 10077, 17, TO_DATE('2025-12-21', 'YYYY-MM-DD'), TO_DATE('2026-09-02', 'YYYY-MM-DD'), 2561226.64, 'Cancelada', 'S', 8);
INSERT INTO Polizas (idPoliza, numeroPoliza, idCliente, fechaInic, fechaFin, prima, estado, renovable, idSeguro) VALUES (78, 10078, 59, TO_DATE('2025-12-09', 'YYYY-MM-DD'), TO_DATE('2029-05-19', 'YYYY-MM-DD'), 175203.23, 'Activa', 'N', 3);
INSERT INTO Polizas (idPoliza, numeroPoliza, idCliente, fechaInic, fechaFin, prima, estado, renovable, idSeguro) VALUES (79, 10079, 34, TO_DATE('2025-12-08', 'YYYY-MM-DD'), TO_DATE('2029-01-22', 'YYYY-MM-DD'), 1758950.05, 'Cancelada', 'S', 6);
INSERT INTO Polizas (idPoliza, numeroPoliza, idCliente, fechaInic, fechaFin, prima, estado, renovable, idSeguro) VALUES (80, 10080, 69, TO_DATE('2026-01-02', 'YYYY-MM-DD'), TO_DATE('2030-04-12', 'YYYY-MM-DD'), 1962046.05, 'Cancelada', 'N', 9);
INSERT INTO Polizas (idPoliza, numeroPoliza, idCliente, fechaInic, fechaFin, prima, estado, renovable, idSeguro) VALUES (81, 10081, 9, TO_DATE('2025-12-07', 'YYYY-MM-DD'), TO_DATE('2029-11-20', 'YYYY-MM-DD'), 1250374.19, 'Cancelada', 'S', 2);
INSERT INTO Polizas (idPoliza, numeroPoliza, idCliente, fechaInic, fechaFin, prima, estado, renovable, idSeguro) VALUES (82, 10082, 98, TO_DATE('2025-12-19', 'YYYY-MM-DD'), TO_DATE('2027-01-04', 'YYYY-MM-DD'), 3205364.36, 'Activa', 'N', 3);
INSERT INTO Polizas (idPoliza, numeroPoliza, idCliente, fechaInic, fechaFin, prima, estado, renovable, idSeguro) VALUES (83, 10083, 4, TO_DATE('2025-12-28', 'YYYY-MM-DD'), TO_DATE('2028-02-29', 'YYYY-MM-DD'), 325355.75, 'Activa', 'N', 6);
INSERT INTO Polizas (idPoliza, numeroPoliza, idCliente, fechaInic, fechaFin, prima, estado, renovable, idSeguro) VALUES (84, 10084, 19, TO_DATE('2025-12-17', 'YYYY-MM-DD'), TO_DATE('2028-11-13', 'YYYY-MM-DD'), 1296567.42, 'Cancelada', 'S', 3);
INSERT INTO Polizas (idPoliza, numeroPoliza, idCliente, fechaInic, fechaFin, prima, estado, renovable, idSeguro) VALUES (85, 10085, 79, TO_DATE('2025-12-11', 'YYYY-MM-DD'), TO_DATE('2026-11-17', 'YYYY-MM-DD'), 4367114.03, 'Activa', 'N', 10);
INSERT INTO Polizas (idPoliza, numeroPoliza, idCliente, fechaInic, fechaFin, prima, estado, renovable, idSeguro) VALUES (86, 10086, 60, TO_DATE('2025-12-10', 'YYYY-MM-DD'), TO_DATE('2027-09-26', 'YYYY-MM-DD'), 3225732.69, 'Cancelada', 'N', 1);
INSERT INTO Polizas (idPoliza, numeroPoliza, idCliente, fechaInic, fechaFin, prima, estado, renovable, idSeguro) VALUES (87, 10087, 37, TO_DATE('2026-01-03', 'YYYY-MM-DD'), TO_DATE('2029-02-08', 'YYYY-MM-DD'), 3420293.34, 'Activa', 'S', 8);
INSERT INTO Polizas (idPoliza, numeroPoliza, idCliente, fechaInic, fechaFin, prima, estado, renovable, idSeguro) VALUES (88, 10088, 39, TO_DATE('2025-12-17', 'YYYY-MM-DD'), TO_DATE('2029-09-30', 'YYYY-MM-DD'), 3230799.64, 'Cancelada', 'N', 8);
INSERT INTO Polizas (idPoliza, numeroPoliza, idCliente, fechaInic, fechaFin, prima, estado, renovable, idSeguro) VALUES (89, 10089, 26, TO_DATE('2026-01-02', 'YYYY-MM-DD'), TO_DATE('2028-03-10', 'YYYY-MM-DD'), 4996930.47, 'Cancelada', 'S', 4);
INSERT INTO Polizas (idPoliza, numeroPoliza, idCliente, fechaInic, fechaFin, prima, estado, renovable, idSeguro) VALUES (90, 10090, 46, TO_DATE('2025-12-18', 'YYYY-MM-DD'), TO_DATE('2029-08-30', 'YYYY-MM-DD'), 2916578.46, 'Cancelada', 'S', 7);
INSERT INTO Polizas (idPoliza, numeroPoliza, idCliente, fechaInic, fechaFin, prima, estado, renovable, idSeguro) VALUES (91, 10091, 73, TO_DATE('2025-12-14', 'YYYY-MM-DD'), TO_DATE('2026-06-28', 'YYYY-MM-DD'), 4338830.25, 'Activa', 'N', 5);
INSERT INTO Polizas (idPoliza, numeroPoliza, idCliente, fechaInic, fechaFin, prima, estado, renovable, idSeguro) VALUES (92, 10092, 30, TO_DATE('2025-12-30', 'YYYY-MM-DD'), TO_DATE('2030-12-20', 'YYYY-MM-DD'), 3074618.49, 'Cancelada', 'S', 4);
INSERT INTO Polizas (idPoliza, numeroPoliza, idCliente, fechaInic, fechaFin, prima, estado, renovable, idSeguro) VALUES (93, 10093, 87, TO_DATE('2025-12-25', 'YYYY-MM-DD'), TO_DATE('2027-11-18', 'YYYY-MM-DD'), 3802328.89, 'Activa', 'S', 1);
INSERT INTO Polizas (idPoliza, numeroPoliza, idCliente, fechaInic, fechaFin, prima, estado, renovable, idSeguro) VALUES (94, 10094, 57, TO_DATE('2025-12-15', 'YYYY-MM-DD'), TO_DATE('2030-11-14', 'YYYY-MM-DD'), 263486.2, 'Cancelada', 'S', 2);
INSERT INTO Polizas (idPoliza, numeroPoliza, idCliente, fechaInic, fechaFin, prima, estado, renovable, idSeguro) VALUES (95, 10095, 42, TO_DATE('2026-01-04', 'YYYY-MM-DD'), TO_DATE('2028-02-27', 'YYYY-MM-DD'), 3762656.24, 'Activa', 'S', 3);
INSERT INTO Polizas (idPoliza, numeroPoliza, idCliente, fechaInic, fechaFin, prima, estado, renovable, idSeguro) VALUES (96, 10096, 47, TO_DATE('2025-12-31', 'YYYY-MM-DD'), TO_DATE('2029-07-07', 'YYYY-MM-DD'), 2701176.63, 'Cancelada', 'S', 5);
INSERT INTO Polizas (idPoliza, numeroPoliza, idCliente, fechaInic, fechaFin, prima, estado, renovable, idSeguro) VALUES (97, 10097, 38, TO_DATE('2026-01-04', 'YYYY-MM-DD'), TO_DATE('2029-03-15', 'YYYY-MM-DD'), 3758140.82, 'Cancelada', 'S', 8);
INSERT INTO Polizas (idPoliza, numeroPoliza, idCliente, fechaInic, fechaFin, prima, estado, renovable, idSeguro) VALUES (98, 10098, 97, TO_DATE('2025-12-08', 'YYYY-MM-DD'), TO_DATE('2027-03-21', 'YYYY-MM-DD'), 4835851.03, 'Cancelada', 'N', 2);
INSERT INTO Polizas (idPoliza, numeroPoliza, idCliente, fechaInic, fechaFin, prima, estado, renovable, idSeguro) VALUES (99, 10099, 2, TO_DATE('2025-12-31', 'YYYY-MM-DD'), TO_DATE('2028-09-14', 'YYYY-MM-DD'), 1395847.03, 'Activa', 'N', 6);
INSERT INTO Polizas (idPoliza, numeroPoliza, idCliente, fechaInic, fechaFin, prima, estado, renovable, idSeguro) VALUES (100, 10100, 87, TO_DATE('2025-12-27', 'YYYY-MM-DD'), TO_DATE('2030-09-05', 'YYYY-MM-DD'), 1384590.9, 'Cancelada', 'N', 2);
INSERT INTO Polizas (idPoliza, numeroPoliza, idCliente, fechaInic, fechaFin, prima, estado, renovable, idSeguro) VALUES (101, 10101, 61, TO_DATE('2025-12-27', 'YYYY-MM-DD'), TO_DATE('2027-10-16', 'YYYY-MM-DD'), 222620.78, 'Cancelada', 'S', 2);
INSERT INTO Polizas (idPoliza, numeroPoliza, idCliente, fechaInic, fechaFin, prima, estado, renovable, idSeguro) VALUES (102, 10102, 90, TO_DATE('2025-12-26', 'YYYY-MM-DD'), TO_DATE('2029-01-29', 'YYYY-MM-DD'), 1580731.86, 'Cancelada', 'S', 3);
INSERT INTO Polizas (idPoliza, numeroPoliza, idCliente, fechaInic, fechaFin, prima, estado, renovable, idSeguro) VALUES (103, 10103, 39, TO_DATE('2025-12-07', 'YYYY-MM-DD'), TO_DATE('2026-08-20', 'YYYY-MM-DD'), 4980044.14, 'Activa', 'S', 4);
INSERT INTO Polizas (idPoliza, numeroPoliza, idCliente, fechaInic, fechaFin, prima, estado, renovable, idSeguro) VALUES (104, 10104, 18, TO_DATE('2026-01-03', 'YYYY-MM-DD'), TO_DATE('2029-07-06', 'YYYY-MM-DD'), 2004364.57, 'Cancelada', 'N', 10);
INSERT INTO Polizas (idPoliza, numeroPoliza, idCliente, fechaInic, fechaFin, prima, estado, renovable, idSeguro) VALUES (105, 10105, 20, TO_DATE('2025-12-29', 'YYYY-MM-DD'), TO_DATE('2030-07-24', 'YYYY-MM-DD'), 4438527.54, 'Activa', 'N', 10);
INSERT INTO Polizas (idPoliza, numeroPoliza, idCliente, fechaInic, fechaFin, prima, estado, renovable, idSeguro) VALUES (106, 10106, 5, TO_DATE('2025-12-19', 'YYYY-MM-DD'), TO_DATE('2028-01-10', 'YYYY-MM-DD'), 3482375.25, 'Activa', 'N', 8);
INSERT INTO Polizas (idPoliza, numeroPoliza, idCliente, fechaInic, fechaFin, prima, estado, renovable, idSeguro) VALUES (107, 10107, 13, TO_DATE('2025-12-13', 'YYYY-MM-DD'), TO_DATE('2028-06-22', 'YYYY-MM-DD'), 4906545.82, 'Cancelada', 'N', 1);
INSERT INTO Polizas (idPoliza, numeroPoliza, idCliente, fechaInic, fechaFin, prima, estado, renovable, idSeguro) VALUES (108, 10108, 25, TO_DATE('2025-12-18', 'YYYY-MM-DD'), TO_DATE('2028-01-02', 'YYYY-MM-DD'), 4844213.69, 'Cancelada', 'S', 4);
INSERT INTO Polizas (idPoliza, numeroPoliza, idCliente, fechaInic, fechaFin, prima, estado, renovable, idSeguro) VALUES (109, 10109, 77, TO_DATE('2025-12-26', 'YYYY-MM-DD'), TO_DATE('2030-01-23', 'YYYY-MM-DD'), 4858357.23, 'Activa', 'N', 4);
INSERT INTO Polizas (idPoliza, numeroPoliza, idCliente, fechaInic, fechaFin, prima, estado, renovable, idSeguro) VALUES (110, 10110, 73, TO_DATE('2025-12-10', 'YYYY-MM-DD'), TO_DATE('2030-11-05', 'YYYY-MM-DD'), 1105507.32, 'Activa', 'S', 4);
INSERT INTO Polizas (idPoliza, numeroPoliza, idCliente, fechaInic, fechaFin, prima, estado, renovable, idSeguro) VALUES (111, 10111, 19, TO_DATE('2025-12-16', 'YYYY-MM-DD'), TO_DATE('2030-10-16', 'YYYY-MM-DD'), 3964354.4, 'Activa', 'N', 3);
INSERT INTO Polizas (idPoliza, numeroPoliza, idCliente, fechaInic, fechaFin, prima, estado, renovable, idSeguro) VALUES (112, 10112, 33, TO_DATE('2025-12-10', 'YYYY-MM-DD'), TO_DATE('2029-06-18', 'YYYY-MM-DD'), 4012717.74, 'Activa', 'S', 3);
INSERT INTO Polizas (idPoliza, numeroPoliza, idCliente, fechaInic, fechaFin, prima, estado, renovable, idSeguro) VALUES (113, 10113, 31, TO_DATE('2025-12-06', 'YYYY-MM-DD'), TO_DATE('2028-06-06', 'YYYY-MM-DD'), 2985379.32, 'Activa', 'S', 5);
INSERT INTO Polizas (idPoliza, numeroPoliza, idCliente, fechaInic, fechaFin, prima, estado, renovable, idSeguro) VALUES (114, 10114, 95, TO_DATE('2025-12-07', 'YYYY-MM-DD'), TO_DATE('2027-02-19', 'YYYY-MM-DD'), 2162706.73, 'Activa', 'S', 8);
INSERT INTO Polizas (idPoliza, numeroPoliza, idCliente, fechaInic, fechaFin, prima, estado, renovable, idSeguro) VALUES (115, 10115, 47, TO_DATE('2025-12-20', 'YYYY-MM-DD'), TO_DATE('2030-10-28', 'YYYY-MM-DD'), 2614865.99, 'Activa', 'N', 9);
INSERT INTO Polizas (idPoliza, numeroPoliza, idCliente, fechaInic, fechaFin, prima, estado, renovable, idSeguro) VALUES (116, 10116, 6, TO_DATE('2025-12-13', 'YYYY-MM-DD'), TO_DATE('2029-11-21', 'YYYY-MM-DD'), 3663490.69, 'Cancelada', 'N', 1);
INSERT INTO Polizas (idPoliza, numeroPoliza, idCliente, fechaInic, fechaFin, prima, estado, renovable, idSeguro) VALUES (117, 10117, 52, TO_DATE('2025-12-07', 'YYYY-MM-DD'), TO_DATE('2029-02-09', 'YYYY-MM-DD'), 2188740.73, 'Activa', 'N', 8);
INSERT INTO Polizas (idPoliza, numeroPoliza, idCliente, fechaInic, fechaFin, prima, estado, renovable, idSeguro) VALUES (118, 10118, 42, TO_DATE('2025-12-08', 'YYYY-MM-DD'), TO_DATE('2026-11-18', 'YYYY-MM-DD'), 3080657.38, 'Activa', 'S', 5);
INSERT INTO Polizas (idPoliza, numeroPoliza, idCliente, fechaInic, fechaFin, prima, estado, renovable, idSeguro) VALUES (119, 10119, 75, TO_DATE('2025-12-25', 'YYYY-MM-DD'), TO_DATE('2030-01-09', 'YYYY-MM-DD'), 2786946.53, 'Cancelada', 'N', 10);
INSERT INTO Polizas (idPoliza, numeroPoliza, idCliente, fechaInic, fechaFin, prima, estado, renovable, idSeguro) VALUES (120, 10120, 59, TO_DATE('2025-12-22', 'YYYY-MM-DD'), TO_DATE('2028-02-13', 'YYYY-MM-DD'), 2577200.26, 'Cancelada', 'S', 2);
INSERT INTO Polizas (idPoliza, numeroPoliza, idCliente, fechaInic, fechaFin, prima, estado, renovable, idSeguro) VALUES (121, 10121, 84, TO_DATE('2026-01-02', 'YYYY-MM-DD'), TO_DATE('2030-03-02', 'YYYY-MM-DD'), 4400760.44, 'Activa', 'N', 8);
INSERT INTO Polizas (idPoliza, numeroPoliza, idCliente, fechaInic, fechaFin, prima, estado, renovable, idSeguro) VALUES (122, 10122, 53, TO_DATE('2026-01-03', 'YYYY-MM-DD'), TO_DATE('2027-10-12', 'YYYY-MM-DD'), 1760764.93, 'Cancelada', 'N', 7);
INSERT INTO Polizas (idPoliza, numeroPoliza, idCliente, fechaInic, fechaFin, prima, estado, renovable, idSeguro) VALUES (123, 10123, 41, TO_DATE('2025-12-29', 'YYYY-MM-DD'), TO_DATE('2027-01-07', 'YYYY-MM-DD'), 2191143.63, 'Cancelada', 'N', 3);
INSERT INTO Polizas (idPoliza, numeroPoliza, idCliente, fechaInic, fechaFin, prima, estado, renovable, idSeguro) VALUES (124, 10124, 9, TO_DATE('2025-12-27', 'YYYY-MM-DD'), TO_DATE('2029-02-20', 'YYYY-MM-DD'), 547001.46, 'Activa', 'S', 7);
INSERT INTO Polizas (idPoliza, numeroPoliza, idCliente, fechaInic, fechaFin, prima, estado, renovable, idSeguro) VALUES (125, 10125, 95, TO_DATE('2025-12-09', 'YYYY-MM-DD'), TO_DATE('2030-08-09', 'YYYY-MM-DD'), 1925969.61, 'Activa', 'S', 10);
INSERT INTO Polizas (idPoliza, numeroPoliza, idCliente, fechaInic, fechaFin, prima, estado, renovable, idSeguro) VALUES (126, 10126, 43, TO_DATE('2025-12-23', 'YYYY-MM-DD'), TO_DATE('2029-08-14', 'YYYY-MM-DD'), 3383065.0, 'Cancelada', 'N', 7);
INSERT INTO Polizas (idPoliza, numeroPoliza, idCliente, fechaInic, fechaFin, prima, estado, renovable, idSeguro) VALUES (127, 10127, 7, TO_DATE('2026-01-02', 'YYYY-MM-DD'), TO_DATE('2030-07-16', 'YYYY-MM-DD'), 4845153.26, 'Cancelada', 'N', 2);
INSERT INTO Polizas (idPoliza, numeroPoliza, idCliente, fechaInic, fechaFin, prima, estado, renovable, idSeguro) VALUES (128, 10128, 28, TO_DATE('2025-12-24', 'YYYY-MM-DD'), TO_DATE('2029-04-26', 'YYYY-MM-DD'), 858177.86, 'Cancelada', 'S', 2);
INSERT INTO Polizas (idPoliza, numeroPoliza, idCliente, fechaInic, fechaFin, prima, estado, renovable, idSeguro) VALUES (129, 10129, 48, TO_DATE('2025-12-17', 'YYYY-MM-DD'), TO_DATE('2029-07-28', 'YYYY-MM-DD'), 662938.04, 'Cancelada', 'S', 7);
INSERT INTO Polizas (idPoliza, numeroPoliza, idCliente, fechaInic, fechaFin, prima, estado, renovable, idSeguro) VALUES (130, 10130, 99, TO_DATE('2026-01-02', 'YYYY-MM-DD'), TO_DATE('2029-08-22', 'YYYY-MM-DD'), 4110291.61, 'Activa', 'N', 1);
INSERT INTO Polizas (idPoliza, numeroPoliza, idCliente, fechaInic, fechaFin, prima, estado, renovable, idSeguro) VALUES (131, 10131, 90, TO_DATE('2025-12-11', 'YYYY-MM-DD'), TO_DATE('2027-12-20', 'YYYY-MM-DD'), 3835806.64, 'Cancelada', 'N', 1);
INSERT INTO Polizas (idPoliza, numeroPoliza, idCliente, fechaInic, fechaFin, prima, estado, renovable, idSeguro) VALUES (132, 10132, 73, TO_DATE('2025-12-11', 'YYYY-MM-DD'), TO_DATE('2027-03-29', 'YYYY-MM-DD'), 3320988.71, 'Activa', 'S', 1);
INSERT INTO Polizas (idPoliza, numeroPoliza, idCliente, fechaInic, fechaFin, prima, estado, renovable, idSeguro) VALUES (133, 10133, 68, TO_DATE('2025-12-08', 'YYYY-MM-DD'), TO_DATE('2030-08-12', 'YYYY-MM-DD'), 1154151.11, 'Cancelada', 'N', 6);
INSERT INTO Polizas (idPoliza, numeroPoliza, idCliente, fechaInic, fechaFin, prima, estado, renovable, idSeguro) VALUES (134, 10134, 40, TO_DATE('2025-12-11', 'YYYY-MM-DD'), TO_DATE('2028-07-05', 'YYYY-MM-DD'), 3635820.24, 'Activa', 'S', 3);
INSERT INTO Polizas (idPoliza, numeroPoliza, idCliente, fechaInic, fechaFin, prima, estado, renovable, idSeguro) VALUES (135, 10135, 80, TO_DATE('2025-12-11', 'YYYY-MM-DD'), TO_DATE('2030-09-01', 'YYYY-MM-DD'), 343836.21, 'Activa', 'N', 8);
INSERT INTO Polizas (idPoliza, numeroPoliza, idCliente, fechaInic, fechaFin, prima, estado, renovable, idSeguro) VALUES (136, 10136, 63, TO_DATE('2025-12-27', 'YYYY-MM-DD'), TO_DATE('2028-11-09', 'YYYY-MM-DD'), 3074672.44, 'Cancelada', 'N', 4);
INSERT INTO Polizas (idPoliza, numeroPoliza, idCliente, fechaInic, fechaFin, prima, estado, renovable, idSeguro) VALUES (137, 10137, 15, TO_DATE('2025-12-30', 'YYYY-MM-DD'), TO_DATE('2029-05-12', 'YYYY-MM-DD'), 1791346.99, 'Activa', 'N', 10);
INSERT INTO Polizas (idPoliza, numeroPoliza, idCliente, fechaInic, fechaFin, prima, estado, renovable, idSeguro) VALUES (138, 10138, 86, TO_DATE('2025-12-21', 'YYYY-MM-DD'), TO_DATE('2029-06-02', 'YYYY-MM-DD'), 1611255.02, 'Activa', 'N', 10);
INSERT INTO Polizas (idPoliza, numeroPoliza, idCliente, fechaInic, fechaFin, prima, estado, renovable, idSeguro) VALUES (139, 10139, 27, TO_DATE('2025-12-07', 'YYYY-MM-DD'), TO_DATE('2026-06-20', 'YYYY-MM-DD'), 1576954.87, 'Activa', 'S', 5);
INSERT INTO Polizas (idPoliza, numeroPoliza, idCliente, fechaInic, fechaFin, prima, estado, renovable, idSeguro) VALUES (140, 10140, 16, TO_DATE('2025-12-15', 'YYYY-MM-DD'), TO_DATE('2028-04-14', 'YYYY-MM-DD'), 137876.54, 'Cancelada', 'S', 3);
INSERT INTO Polizas (idPoliza, numeroPoliza, idCliente, fechaInic, fechaFin, prima, estado, renovable, idSeguro) VALUES (141, 10141, 91, TO_DATE('2025-12-18', 'YYYY-MM-DD'), TO_DATE('2029-06-10', 'YYYY-MM-DD'), 1227542.51, 'Cancelada', 'S', 7);
INSERT INTO Polizas (idPoliza, numeroPoliza, idCliente, fechaInic, fechaFin, prima, estado, renovable, idSeguro) VALUES (142, 10142, 6, TO_DATE('2026-01-02', 'YYYY-MM-DD'), TO_DATE('2030-08-28', 'YYYY-MM-DD'), 2237476.02, 'Cancelada', 'S', 6);
INSERT INTO Polizas (idPoliza, numeroPoliza, idCliente, fechaInic, fechaFin, prima, estado, renovable, idSeguro) VALUES (143, 10143, 74, TO_DATE('2025-12-24', 'YYYY-MM-DD'), TO_DATE('2028-11-17', 'YYYY-MM-DD'), 2081672.13, 'Cancelada', 'N', 2);
INSERT INTO Polizas (idPoliza, numeroPoliza, idCliente, fechaInic, fechaFin, prima, estado, renovable, idSeguro) VALUES (144, 10144, 42, TO_DATE('2025-12-18', 'YYYY-MM-DD'), TO_DATE('2026-07-28', 'YYYY-MM-DD'), 942178.58, 'Cancelada', 'N', 2);
INSERT INTO Polizas (idPoliza, numeroPoliza, idCliente, fechaInic, fechaFin, prima, estado, renovable, idSeguro) VALUES (145, 10145, 32, TO_DATE('2025-12-19', 'YYYY-MM-DD'), TO_DATE('2027-01-19', 'YYYY-MM-DD'), 2234814.98, 'Cancelada', 'S', 7);
INSERT INTO Polizas (idPoliza, numeroPoliza, idCliente, fechaInic, fechaFin, prima, estado, renovable, idSeguro) VALUES (146, 10146, 96, TO_DATE('2026-01-02', 'YYYY-MM-DD'), TO_DATE('2028-03-27', 'YYYY-MM-DD'), 1763615.08, 'Cancelada', 'S', 2);
INSERT INTO Polizas (idPoliza, numeroPoliza, idCliente, fechaInic, fechaFin, prima, estado, renovable, idSeguro) VALUES (147, 10147, 15, TO_DATE('2025-12-22', 'YYYY-MM-DD'), TO_DATE('2030-01-06', 'YYYY-MM-DD'), 2699963.62, 'Activa', 'N', 6);
INSERT INTO Polizas (idPoliza, numeroPoliza, idCliente, fechaInic, fechaFin, prima, estado, renovable, idSeguro) VALUES (148, 10148, 19, TO_DATE('2025-12-29', 'YYYY-MM-DD'), TO_DATE('2030-02-07', 'YYYY-MM-DD'), 1257717.36, 'Activa', 'N', 4);
INSERT INTO Polizas (idPoliza, numeroPoliza, idCliente, fechaInic, fechaFin, prima, estado, renovable, idSeguro) VALUES (149, 10149, 20, TO_DATE('2025-12-11', 'YYYY-MM-DD'), TO_DATE('2029-10-24', 'YYYY-MM-DD'), 3825054.95, 'Activa', 'S', 8);
INSERT INTO Polizas (idPoliza, numeroPoliza, idCliente, fechaInic, fechaFin, prima, estado, renovable, idSeguro) VALUES (150, 10150, 73, TO_DATE('2025-12-20', 'YYYY-MM-DD'), TO_DATE('2030-09-10', 'YYYY-MM-DD'), 3823398.03, 'Cancelada', 'N', 6);
INSERT INTO Polizas (idPoliza, numeroPoliza, idCliente, fechaInic, fechaFin, prima, estado, renovable, idSeguro) VALUES (151, 10151, 9, TO_DATE('2025-12-10', 'YYYY-MM-DD'), TO_DATE('2028-11-24', 'YYYY-MM-DD'), 2397713.31, 'Cancelada', 'N', 10);
INSERT INTO Polizas (idPoliza, numeroPoliza, idCliente, fechaInic, fechaFin, prima, estado, renovable, idSeguro) VALUES (152, 10152, 65, TO_DATE('2025-12-07', 'YYYY-MM-DD'), TO_DATE('2028-05-25', 'YYYY-MM-DD'), 463534.22, 'Cancelada', 'N', 1);
INSERT INTO Polizas (idPoliza, numeroPoliza, idCliente, fechaInic, fechaFin, prima, estado, renovable, idSeguro) VALUES (153, 10153, 37, TO_DATE('2025-12-07', 'YYYY-MM-DD'), TO_DATE('2028-06-29', 'YYYY-MM-DD'), 475981.91, 'Activa', 'N', 8);
INSERT INTO Polizas (idPoliza, numeroPoliza, idCliente, fechaInic, fechaFin, prima, estado, renovable, idSeguro) VALUES (154, 10154, 95, TO_DATE('2025-12-24', 'YYYY-MM-DD'), TO_DATE('2029-07-31', 'YYYY-MM-DD'), 4489796.15, 'Cancelada', 'S', 6);
INSERT INTO Polizas (idPoliza, numeroPoliza, idCliente, fechaInic, fechaFin, prima, estado, renovable, idSeguro) VALUES (155, 10155, 65, TO_DATE('2025-12-25', 'YYYY-MM-DD'), TO_DATE('2029-02-21', 'YYYY-MM-DD'), 839219.28, 'Activa', 'N', 2);
INSERT INTO Polizas (idPoliza, numeroPoliza, idCliente, fechaInic, fechaFin, prima, estado, renovable, idSeguro) VALUES (156, 10156, 92, TO_DATE('2025-12-31', 'YYYY-MM-DD'), TO_DATE('2028-06-01', 'YYYY-MM-DD'), 513212.75, 'Activa', 'S', 4);
INSERT INTO Polizas (idPoliza, numeroPoliza, idCliente, fechaInic, fechaFin, prima, estado, renovable, idSeguro) VALUES (157, 10157, 57, TO_DATE('2025-12-28', 'YYYY-MM-DD'), TO_DATE('2028-12-08', 'YYYY-MM-DD'), 2667935.91, 'Activa', 'N', 6);
INSERT INTO Polizas (idPoliza, numeroPoliza, idCliente, fechaInic, fechaFin, prima, estado, renovable, idSeguro) VALUES (158, 10158, 50, TO_DATE('2026-01-04', 'YYYY-MM-DD'), TO_DATE('2028-02-02', 'YYYY-MM-DD'), 2102970.05, 'Cancelada', 'S', 6);
INSERT INTO Polizas (idPoliza, numeroPoliza, idCliente, fechaInic, fechaFin, prima, estado, renovable, idSeguro) VALUES (159, 10159, 13, TO_DATE('2025-12-08', 'YYYY-MM-DD'), TO_DATE('2028-04-11', 'YYYY-MM-DD'), 2834019.74, 'Cancelada', 'N', 5);
INSERT INTO Polizas (idPoliza, numeroPoliza, idCliente, fechaInic, fechaFin, prima, estado, renovable, idSeguro) VALUES (160, 10160, 78, TO_DATE('2025-12-29', 'YYYY-MM-DD'), TO_DATE('2030-03-02', 'YYYY-MM-DD'), 4379070.34, 'Cancelada', 'S', 10);
INSERT INTO Polizas (idPoliza, numeroPoliza, idCliente, fechaInic, fechaFin, prima, estado, renovable, idSeguro) VALUES (161, 10161, 45, TO_DATE('2025-12-27', 'YYYY-MM-DD'), TO_DATE('2027-04-10', 'YYYY-MM-DD'), 1620135.51, 'Cancelada', 'S', 10);
INSERT INTO Polizas (idPoliza, numeroPoliza, idCliente, fechaInic, fechaFin, prima, estado, renovable, idSeguro) VALUES (162, 10162, 40, TO_DATE('2025-12-28', 'YYYY-MM-DD'), TO_DATE('2026-12-16', 'YYYY-MM-DD'), 2838718.14, 'Cancelada', 'S', 9);
INSERT INTO Polizas (idPoliza, numeroPoliza, idCliente, fechaInic, fechaFin, prima, estado, renovable, idSeguro) VALUES (163, 10163, 86, TO_DATE('2025-12-08', 'YYYY-MM-DD'), TO_DATE('2030-01-19', 'YYYY-MM-DD'), 2174691.19, 'Cancelada', 'S', 6);
INSERT INTO Polizas (idPoliza, numeroPoliza, idCliente, fechaInic, fechaFin, prima, estado, renovable, idSeguro) VALUES (164, 10164, 28, TO_DATE('2025-12-15', 'YYYY-MM-DD'), TO_DATE('2027-06-17', 'YYYY-MM-DD'), 1774488.49, 'Cancelada', 'S', 4);
INSERT INTO Polizas (idPoliza, numeroPoliza, idCliente, fechaInic, fechaFin, prima, estado, renovable, idSeguro) VALUES (165, 10165, 10, TO_DATE('2025-12-10', 'YYYY-MM-DD'), TO_DATE('2027-04-21', 'YYYY-MM-DD'), 1549381.3, 'Activa', 'S', 6);
INSERT INTO Polizas (idPoliza, numeroPoliza, idCliente, fechaInic, fechaFin, prima, estado, renovable, idSeguro) VALUES (166, 10166, 80, TO_DATE('2026-01-03', 'YYYY-MM-DD'), TO_DATE('2030-10-18', 'YYYY-MM-DD'), 742140.3, 'Cancelada', 'S', 3);
INSERT INTO Polizas (idPoliza, numeroPoliza, idCliente, fechaInic, fechaFin, prima, estado, renovable, idSeguro) VALUES (167, 10167, 99, TO_DATE('2025-12-11', 'YYYY-MM-DD'), TO_DATE('2030-04-27', 'YYYY-MM-DD'), 3161228.35, 'Activa', 'N', 1);
INSERT INTO Polizas (idPoliza, numeroPoliza, idCliente, fechaInic, fechaFin, prima, estado, renovable, idSeguro) VALUES (168, 10168, 87, TO_DATE('2025-12-19', 'YYYY-MM-DD'), TO_DATE('2028-07-02', 'YYYY-MM-DD'), 3625969.8, 'Cancelada', 'N', 8);
INSERT INTO Polizas (idPoliza, numeroPoliza, idCliente, fechaInic, fechaFin, prima, estado, renovable, idSeguro) VALUES (169, 10169, 31, TO_DATE('2025-12-13', 'YYYY-MM-DD'), TO_DATE('2029-06-08', 'YYYY-MM-DD'), 1616392.69, 'Cancelada', 'S', 6);
INSERT INTO Polizas (idPoliza, numeroPoliza, idCliente, fechaInic, fechaFin, prima, estado, renovable, idSeguro) VALUES (170, 10170, 57, TO_DATE('2025-12-27', 'YYYY-MM-DD'), TO_DATE('2029-09-05', 'YYYY-MM-DD'), 2362231.89, 'Cancelada', 'N', 9);
INSERT INTO Polizas (idPoliza, numeroPoliza, idCliente, fechaInic, fechaFin, prima, estado, renovable, idSeguro) VALUES (171, 10171, 21, TO_DATE('2025-12-22', 'YYYY-MM-DD'), TO_DATE('2028-10-24', 'YYYY-MM-DD'), 4102767.07, 'Activa', 'N', 1);
INSERT INTO Polizas (idPoliza, numeroPoliza, idCliente, fechaInic, fechaFin, prima, estado, renovable, idSeguro) VALUES (172, 10172, 48, TO_DATE('2025-12-26', 'YYYY-MM-DD'), TO_DATE('2029-03-04', 'YYYY-MM-DD'), 2817249.65, 'Activa', 'S', 5);
INSERT INTO Polizas (idPoliza, numeroPoliza, idCliente, fechaInic, fechaFin, prima, estado, renovable, idSeguro) VALUES (173, 10173, 21, TO_DATE('2025-12-08', 'YYYY-MM-DD'), TO_DATE('2030-09-15', 'YYYY-MM-DD'), 1436677.37, 'Activa', 'N', 2);
INSERT INTO Polizas (idPoliza, numeroPoliza, idCliente, fechaInic, fechaFin, prima, estado, renovable, idSeguro) VALUES (174, 10174, 58, TO_DATE('2026-01-04', 'YYYY-MM-DD'), TO_DATE('2027-09-30', 'YYYY-MM-DD'), 4434685.89, 'Activa', 'N', 1);
INSERT INTO Polizas (idPoliza, numeroPoliza, idCliente, fechaInic, fechaFin, prima, estado, renovable, idSeguro) VALUES (175, 10175, 48, TO_DATE('2025-12-18', 'YYYY-MM-DD'), TO_DATE('2029-04-09', 'YYYY-MM-DD'), 1255312.56, 'Activa', 'N', 4);
INSERT INTO Polizas (idPoliza, numeroPoliza, idCliente, fechaInic, fechaFin, prima, estado, renovable, idSeguro) VALUES (176, 10176, 13, TO_DATE('2025-12-06', 'YYYY-MM-DD'), TO_DATE('2028-03-17', 'YYYY-MM-DD'), 4211963.81, 'Cancelada', 'S', 3);
INSERT INTO Polizas (idPoliza, numeroPoliza, idCliente, fechaInic, fechaFin, prima, estado, renovable, idSeguro) VALUES (177, 10177, 61, TO_DATE('2025-12-07', 'YYYY-MM-DD'), TO_DATE('2028-01-13', 'YYYY-MM-DD'), 3510752.74, 'Activa', 'N', 8);
INSERT INTO Polizas (idPoliza, numeroPoliza, idCliente, fechaInic, fechaFin, prima, estado, renovable, idSeguro) VALUES (178, 10178, 11, TO_DATE('2025-12-25', 'YYYY-MM-DD'), TO_DATE('2026-07-03', 'YYYY-MM-DD'), 193119.04, 'Activa', 'S', 9);
INSERT INTO Polizas (idPoliza, numeroPoliza, idCliente, fechaInic, fechaFin, prima, estado, renovable, idSeguro) VALUES (179, 10179, 68, TO_DATE('2025-12-29', 'YYYY-MM-DD'), TO_DATE('2029-11-24', 'YYYY-MM-DD'), 2173948.32, 'Cancelada', 'S', 5);
INSERT INTO Polizas (idPoliza, numeroPoliza, idCliente, fechaInic, fechaFin, prima, estado, renovable, idSeguro) VALUES (180, 10180, 31, TO_DATE('2025-12-09', 'YYYY-MM-DD'), TO_DATE('2026-09-12', 'YYYY-MM-DD'), 2157145.16, 'Cancelada', 'S', 2);
INSERT INTO Polizas (idPoliza, numeroPoliza, idCliente, fechaInic, fechaFin, prima, estado, renovable, idSeguro) VALUES (181, 10181, 77, TO_DATE('2026-01-01', 'YYYY-MM-DD'), TO_DATE('2029-04-18', 'YYYY-MM-DD'), 2726663.54, 'Activa', 'S', 5);
INSERT INTO Polizas (idPoliza, numeroPoliza, idCliente, fechaInic, fechaFin, prima, estado, renovable, idSeguro) VALUES (182, 10182, 79, TO_DATE('2025-12-19', 'YYYY-MM-DD'), TO_DATE('2026-06-20', 'YYYY-MM-DD'), 1828798.59, 'Cancelada', 'S', 2);
INSERT INTO Polizas (idPoliza, numeroPoliza, idCliente, fechaInic, fechaFin, prima, estado, renovable, idSeguro) VALUES (183, 10183, 9, TO_DATE('2025-12-22', 'YYYY-MM-DD'), TO_DATE('2028-06-27', 'YYYY-MM-DD'), 4771678.02, 'Activa', 'N', 8);
INSERT INTO Polizas (idPoliza, numeroPoliza, idCliente, fechaInic, fechaFin, prima, estado, renovable, idSeguro) VALUES (184, 10184, 50, TO_DATE('2025-12-07', 'YYYY-MM-DD'), TO_DATE('2029-12-27', 'YYYY-MM-DD'), 4907093.17, 'Cancelada', 'S', 6);
INSERT INTO Polizas (idPoliza, numeroPoliza, idCliente, fechaInic, fechaFin, prima, estado, renovable, idSeguro) VALUES (185, 10185, 45, TO_DATE('2025-12-31', 'YYYY-MM-DD'), TO_DATE('2026-11-14', 'YYYY-MM-DD'), 1281517.03, 'Activa', 'N', 3);
INSERT INTO Polizas (idPoliza, numeroPoliza, idCliente, fechaInic, fechaFin, prima, estado, renovable, idSeguro) VALUES (186, 10186, 70, TO_DATE('2025-12-07', 'YYYY-MM-DD'), TO_DATE('2028-05-26', 'YYYY-MM-DD'), 1758881.57, 'Activa', 'N', 8);
INSERT INTO Polizas (idPoliza, numeroPoliza, idCliente, fechaInic, fechaFin, prima, estado, renovable, idSeguro) VALUES (187, 10187, 18, TO_DATE('2025-12-26', 'YYYY-MM-DD'), TO_DATE('2027-07-02', 'YYYY-MM-DD'), 409192.63, 'Cancelada', 'S', 5);
INSERT INTO Polizas (idPoliza, numeroPoliza, idCliente, fechaInic, fechaFin, prima, estado, renovable, idSeguro) VALUES (188, 10188, 26, TO_DATE('2025-12-12', 'YYYY-MM-DD'), TO_DATE('2026-09-07', 'YYYY-MM-DD'), 4440372.89, 'Cancelada', 'N', 9);
INSERT INTO Polizas (idPoliza, numeroPoliza, idCliente, fechaInic, fechaFin, prima, estado, renovable, idSeguro) VALUES (189, 10189, 61, TO_DATE('2025-12-18', 'YYYY-MM-DD'), TO_DATE('2029-07-02', 'YYYY-MM-DD'), 1341237.45, 'Activa', 'N', 6);
INSERT INTO Polizas (idPoliza, numeroPoliza, idCliente, fechaInic, fechaFin, prima, estado, renovable, idSeguro) VALUES (190, 10190, 7, TO_DATE('2026-01-02', 'YYYY-MM-DD'), TO_DATE('2030-11-16', 'YYYY-MM-DD'), 4342411.56, 'Cancelada', 'N', 2);
INSERT INTO Polizas (idPoliza, numeroPoliza, idCliente, fechaInic, fechaFin, prima, estado, renovable, idSeguro) VALUES (191, 10191, 56, TO_DATE('2025-12-31', 'YYYY-MM-DD'), TO_DATE('2028-07-21', 'YYYY-MM-DD'), 4458483.93, 'Cancelada', 'N', 6);
INSERT INTO Polizas (idPoliza, numeroPoliza, idCliente, fechaInic, fechaFin, prima, estado, renovable, idSeguro) VALUES (192, 10192, 89, TO_DATE('2025-12-11', 'YYYY-MM-DD'), TO_DATE('2029-03-21', 'YYYY-MM-DD'), 2537864.62, 'Cancelada', 'S', 7);
INSERT INTO Polizas (idPoliza, numeroPoliza, idCliente, fechaInic, fechaFin, prima, estado, renovable, idSeguro) VALUES (193, 10193, 78, TO_DATE('2025-12-08', 'YYYY-MM-DD'), TO_DATE('2028-11-03', 'YYYY-MM-DD'), 4975981.01, 'Activa', 'N', 6);
INSERT INTO Polizas (idPoliza, numeroPoliza, idCliente, fechaInic, fechaFin, prima, estado, renovable, idSeguro) VALUES (194, 10194, 42, TO_DATE('2025-12-09', 'YYYY-MM-DD'), TO_DATE('2026-11-17', 'YYYY-MM-DD'), 3338504.19, 'Cancelada', 'N', 10);
INSERT INTO Polizas (idPoliza, numeroPoliza, idCliente, fechaInic, fechaFin, prima, estado, renovable, idSeguro) VALUES (195, 10195, 22, TO_DATE('2025-12-28', 'YYYY-MM-DD'), TO_DATE('2028-11-14', 'YYYY-MM-DD'), 3479847.56, 'Cancelada', 'N', 1);
INSERT INTO Polizas (idPoliza, numeroPoliza, idCliente, fechaInic, fechaFin, prima, estado, renovable, idSeguro) VALUES (196, 10196, 79, TO_DATE('2025-12-29', 'YYYY-MM-DD'), TO_DATE('2028-06-18', 'YYYY-MM-DD'), 4990937.93, 'Cancelada', 'S', 2);
INSERT INTO Polizas (idPoliza, numeroPoliza, idCliente, fechaInic, fechaFin, prima, estado, renovable, idSeguro) VALUES (197, 10197, 52, TO_DATE('2025-12-27', 'YYYY-MM-DD'), TO_DATE('2030-01-20', 'YYYY-MM-DD'), 1880224.54, 'Activa', 'S', 3);
INSERT INTO Polizas (idPoliza, numeroPoliza, idCliente, fechaInic, fechaFin, prima, estado, renovable, idSeguro) VALUES (198, 10198, 87, TO_DATE('2026-01-02', 'YYYY-MM-DD'), TO_DATE('2029-11-26', 'YYYY-MM-DD'), 3928428.65, 'Activa', 'S', 2);
INSERT INTO Polizas (idPoliza, numeroPoliza, idCliente, fechaInic, fechaFin, prima, estado, renovable, idSeguro) VALUES (199, 10199, 83, TO_DATE('2025-12-13', 'YYYY-MM-DD'), TO_DATE('2030-10-22', 'YYYY-MM-DD'), 1895009.52, 'Cancelada', 'S', 10);
INSERT INTO Polizas (idPoliza, numeroPoliza, idCliente, fechaInic, fechaFin, prima, estado, renovable, idSeguro) VALUES (200, 10200, 58, TO_DATE('2025-12-10', 'YYYY-MM-DD'), TO_DATE('2030-03-29', 'YYYY-MM-DD'), 4749235.29, 'Cancelada', 'N', 2);

-- Pagos
INSERT INTO Pagos (idPago, idCliente, idPoliza, fechaPago, monto, metodoPago) VALUES (1, 15, 147, TO_DATE('2025-12-22', 'YYYY-MM-DD'), 224996.97, 'EFECTIVO');
INSERT INTO Pagos (idPago, idCliente, idPoliza, fechaPago, monto, metodoPago) VALUES (2, 63, 136, TO_DATE('2025-12-27', 'YYYY-MM-DD'), 256222.7, 'TARJETA');
INSERT INTO Pagos (idPago, idCliente, idPoliza, fechaPago, monto, metodoPago) VALUES (3, 90, 102, TO_DATE('2025-12-26', 'YYYY-MM-DD'), 131727.65, 'TARJETA');
INSERT INTO Pagos (idPago, idCliente, idPoliza, fechaPago, monto, metodoPago) VALUES (4, 99, 167, TO_DATE('2025-12-11', 'YYYY-MM-DD'), 263435.7, 'TARJETA');
INSERT INTO Pagos (idPago, idCliente, idPoliza, fechaPago, monto, metodoPago) VALUES (5, 33, 64, TO_DATE('2025-12-08', 'YYYY-MM-DD'), 140336.8, 'EFECTIVO');
INSERT INTO Pagos (idPago, idCliente, idPoliza, fechaPago, monto, metodoPago) VALUES (6, 19, 7, TO_DATE('2025-12-18', 'YYYY-MM-DD'), 276223.69, 'TRANSFERENCIA');
INSERT INTO Pagos (idPago, idCliente, idPoliza, fechaPago, monto, metodoPago) VALUES (7, 78, 48, TO_DATE('2025-12-30', 'YYYY-MM-DD'), 251751.8, 'TARJETA');
INSERT INTO Pagos (idPago, idCliente, idPoliza, fechaPago, monto, metodoPago) VALUES (8, 68, 133, TO_DATE('2025-12-08', 'YYYY-MM-DD'), 96179.26, 'TARJETA');
INSERT INTO Pagos (idPago, idCliente, idPoliza, fechaPago, monto, metodoPago) VALUES (9, 42, 144, TO_DATE('2025-12-18', 'YYYY-MM-DD'), 78514.88, 'EFECTIVO');
INSERT INTO Pagos (idPago, idCliente, idPoliza, fechaPago, monto, metodoPago) VALUES (10, 71, 68, TO_DATE('2025-12-23', 'YYYY-MM-DD'), 174929.53, 'TARJETA');
INSERT INTO Pagos (idPago, idCliente, idPoliza, fechaPago, monto, metodoPago) VALUES (11, 77, 181, TO_DATE('2026-01-01', 'YYYY-MM-DD'), 227221.96, 'TARJETA');
INSERT INTO Pagos (idPago, idCliente, idPoliza, fechaPago, monto, metodoPago) VALUES (12, 83, 55, TO_DATE('2025-12-23', 'YYYY-MM-DD'), 69170.67, 'TRANSFERENCIA');
INSERT INTO Pagos (idPago, idCliente, idPoliza, fechaPago, monto, metodoPago) VALUES (13, 45, 74, TO_DATE('2025-12-23', 'YYYY-MM-DD'), 144079.65, 'TRANSFERENCIA');
INSERT INTO Pagos (idPago, idCliente, idPoliza, fechaPago, monto, metodoPago) VALUES (14, 43, 126, TO_DATE('2025-12-23', 'YYYY-MM-DD'), 281922.08, 'EFECTIVO');
INSERT INTO Pagos (idPago, idCliente, idPoliza, fechaPago, monto, metodoPago) VALUES (15, 76, 32, TO_DATE('2025-12-19', 'YYYY-MM-DD'), 117928.18, 'EFECTIVO');
INSERT INTO Pagos (idPago, idCliente, idPoliza, fechaPago, monto, metodoPago) VALUES (16, 4, 19, TO_DATE('2025-12-24', 'YYYY-MM-DD'), 42611.88, 'TARJETA');
INSERT INTO Pagos (idPago, idCliente, idPoliza, fechaPago, monto, metodoPago) VALUES (17, 33, 45, TO_DATE('2025-12-11', 'YYYY-MM-DD'), 392600.97, 'TRANSFERENCIA');
INSERT INTO Pagos (idPago, idCliente, idPoliza, fechaPago, monto, metodoPago) VALUES (18, 95, 114, TO_DATE('2025-12-07', 'YYYY-MM-DD'), 180225.56, 'EFECTIVO');
INSERT INTO Pagos (idPago, idCliente, idPoliza, fechaPago, monto, metodoPago) VALUES (19, 48, 175, TO_DATE('2025-12-18', 'YYYY-MM-DD'), 104609.38, 'TARJETA');
INSERT INTO Pagos (idPago, idCliente, idPoliza, fechaPago, monto, metodoPago) VALUES (20, 21, 171, TO_DATE('2025-12-22', 'YYYY-MM-DD'), 341897.26, 'TARJETA');
INSERT INTO Pagos (idPago, idCliente, idPoliza, fechaPago, monto, metodoPago) VALUES (21, 79, 182, TO_DATE('2025-12-19', 'YYYY-MM-DD'), 152399.88, 'EFECTIVO');
INSERT INTO Pagos (idPago, idCliente, idPoliza, fechaPago, monto, metodoPago) VALUES (22, 91, 141, TO_DATE('2025-12-18', 'YYYY-MM-DD'), 102295.21, 'TRANSFERENCIA');
INSERT INTO Pagos (idPago, idCliente, idPoliza, fechaPago, monto, metodoPago) VALUES (23, 90, 75, TO_DATE('2026-01-02', 'YYYY-MM-DD'), 105845.6, 'TARJETA');
INSERT INTO Pagos (idPago, idCliente, idPoliza, fechaPago, monto, metodoPago) VALUES (24, 36, 41, TO_DATE('2025-12-29', 'YYYY-MM-DD'), 304205.54, 'TRANSFERENCIA');
INSERT INTO Pagos (idPago, idCliente, idPoliza, fechaPago, monto, metodoPago) VALUES (25, 79, 182, TO_DATE('2025-12-19', 'YYYY-MM-DD'), 152399.88, 'TRANSFERENCIA');
INSERT INTO Pagos (idPago, idCliente, idPoliza, fechaPago, monto, metodoPago) VALUES (26, 28, 164, TO_DATE('2025-12-15', 'YYYY-MM-DD'), 147874.04, 'EFECTIVO');
INSERT INTO Pagos (idPago, idCliente, idPoliza, fechaPago, monto, metodoPago) VALUES (27, 87, 93, TO_DATE('2025-12-25', 'YYYY-MM-DD'), 316860.74, 'TRANSFERENCIA');
INSERT INTO Pagos (idPago, idCliente, idPoliza, fechaPago, monto, metodoPago) VALUES (28, 6, 58, TO_DATE('2025-12-08', 'YYYY-MM-DD'), 371514.35, 'EFECTIVO');
INSERT INTO Pagos (idPago, idCliente, idPoliza, fechaPago, monto, metodoPago) VALUES (29, 58, 52, TO_DATE('2025-12-06', 'YYYY-MM-DD'), 289826.55, 'EFECTIVO');
INSERT INTO Pagos (idPago, idCliente, idPoliza, fechaPago, monto, metodoPago) VALUES (30, 82, 61, TO_DATE('2025-12-24', 'YYYY-MM-DD'), 340816.69, 'TARJETA');
INSERT INTO Pagos (idPago, idCliente, idPoliza, fechaPago, monto, metodoPago) VALUES (31, 19, 7, TO_DATE('2025-12-18', 'YYYY-MM-DD'), 276223.69, 'TARJETA');
INSERT INTO Pagos (idPago, idCliente, idPoliza, fechaPago, monto, metodoPago) VALUES (32, 6, 142, TO_DATE('2026-01-02', 'YYYY-MM-DD'), 186456.33, 'TRANSFERENCIA');
INSERT INTO Pagos (idPago, idCliente, idPoliza, fechaPago, monto, metodoPago) VALUES (33, 42, 95, TO_DATE('2026-01-04', 'YYYY-MM-DD'), 313554.69, 'TARJETA');
INSERT INTO Pagos (idPago, idCliente, idPoliza, fechaPago, monto, metodoPago) VALUES (34, 6, 142, TO_DATE('2026-01-02', 'YYYY-MM-DD'), 186456.33, 'EFECTIVO');
INSERT INTO Pagos (idPago, idCliente, idPoliza, fechaPago, monto, metodoPago) VALUES (35, 57, 157, TO_DATE('2025-12-28', 'YYYY-MM-DD'), 222327.99, 'EFECTIVO');
INSERT INTO Pagos (idPago, idCliente, idPoliza, fechaPago, monto, metodoPago) VALUES (36, 56, 17, TO_DATE('2025-12-13', 'YYYY-MM-DD'), 206637.15, 'TARJETA');
INSERT INTO Pagos (idPago, idCliente, idPoliza, fechaPago, monto, metodoPago) VALUES (37, 90, 102, TO_DATE('2025-12-26', 'YYYY-MM-DD'), 131727.65, 'TRANSFERENCIA');
INSERT INTO Pagos (idPago, idCliente, idPoliza, fechaPago, monto, metodoPago) VALUES (38, 45, 185, TO_DATE('2025-12-31', 'YYYY-MM-DD'), 106793.09, 'TARJETA');
INSERT INTO Pagos (idPago, idCliente, idPoliza, fechaPago, monto, metodoPago) VALUES (39, 80, 135, TO_DATE('2025-12-11', 'YYYY-MM-DD'), 28653.02, 'TARJETA');
INSERT INTO Pagos (idPago, idCliente, idPoliza, fechaPago, monto, metodoPago) VALUES (40, 52, 197, TO_DATE('2025-12-27', 'YYYY-MM-DD'), 156685.38, 'TARJETA');
INSERT INTO Pagos (idPago, idCliente, idPoliza, fechaPago, monto, metodoPago) VALUES (41, 19, 148, TO_DATE('2025-12-29', 'YYYY-MM-DD'), 104809.78, 'EFECTIVO');
INSERT INTO Pagos (idPago, idCliente, idPoliza, fechaPago, monto, metodoPago) VALUES (42, 32, 33, TO_DATE('2026-01-03', 'YYYY-MM-DD'), 314777.82, 'TARJETA');
INSERT INTO Pagos (idPago, idCliente, idPoliza, fechaPago, monto, metodoPago) VALUES (43, 10, 165, TO_DATE('2025-12-10', 'YYYY-MM-DD'), 129115.11, 'EFECTIVO');
INSERT INTO Pagos (idPago, idCliente, idPoliza, fechaPago, monto, metodoPago) VALUES (44, 6, 116, TO_DATE('2025-12-13', 'YYYY-MM-DD'), 305290.89, 'TARJETA');
INSERT INTO Pagos (idPago, idCliente, idPoliza, fechaPago, monto, metodoPago) VALUES (45, 48, 175, TO_DATE('2025-12-18', 'YYYY-MM-DD'), 104609.38, 'TRANSFERENCIA');
INSERT INTO Pagos (idPago, idCliente, idPoliza, fechaPago, monto, metodoPago) VALUES (46, 26, 89, TO_DATE('2026-01-02', 'YYYY-MM-DD'), 416410.87, 'EFECTIVO');
INSERT INTO Pagos (idPago, idCliente, idPoliza, fechaPago, monto, metodoPago) VALUES (47, 58, 200, TO_DATE('2025-12-10', 'YYYY-MM-DD'), 395769.61, 'TRANSFERENCIA');
INSERT INTO Pagos (idPago, idCliente, idPoliza, fechaPago, monto, metodoPago) VALUES (48, 28, 164, TO_DATE('2025-12-15', 'YYYY-MM-DD'), 147874.04, 'TRANSFERENCIA');
INSERT INTO Pagos (idPago, idCliente, idPoliza, fechaPago, monto, metodoPago) VALUES (49, 39, 47, TO_DATE('2025-12-31', 'YYYY-MM-DD'), 43115.54, 'EFECTIVO');
INSERT INTO Pagos (idPago, idCliente, idPoliza, fechaPago, monto, metodoPago) VALUES (50, 19, 111, TO_DATE('2025-12-16', 'YYYY-MM-DD'), 330362.87, 'TRANSFERENCIA');
INSERT INTO Pagos (idPago, idCliente, idPoliza, fechaPago, monto, metodoPago) VALUES (51, 54, 15, TO_DATE('2025-12-07', 'YYYY-MM-DD'), 167369.7, 'EFECTIVO');
INSERT INTO Pagos (idPago, idCliente, idPoliza, fechaPago, monto, metodoPago) VALUES (52, 68, 133, TO_DATE('2025-12-08', 'YYYY-MM-DD'), 96179.26, 'EFECTIVO');
INSERT INTO Pagos (idPago, idCliente, idPoliza, fechaPago, monto, metodoPago) VALUES (53, 59, 78, TO_DATE('2025-12-09', 'YYYY-MM-DD'), 14600.27, 'EFECTIVO');
INSERT INTO Pagos (idPago, idCliente, idPoliza, fechaPago, monto, metodoPago) VALUES (54, 47, 42, TO_DATE('2025-12-15', 'YYYY-MM-DD'), 81605.3, 'TARJETA');
INSERT INTO Pagos (idPago, idCliente, idPoliza, fechaPago, monto, metodoPago) VALUES (55, 79, 182, TO_DATE('2025-12-19', 'YYYY-MM-DD'), 152399.88, 'EFECTIVO');
INSERT INTO Pagos (idPago, idCliente, idPoliza, fechaPago, monto, metodoPago) VALUES (56, 26, 89, TO_DATE('2026-01-02', 'YYYY-MM-DD'), 416410.87, 'TRANSFERENCIA');
INSERT INTO Pagos (idPago, idCliente, idPoliza, fechaPago, monto, metodoPago) VALUES (57, 76, 73, TO_DATE('2025-12-29', 'YYYY-MM-DD'), 245135.38, 'EFECTIVO');
INSERT INTO Pagos (idPago, idCliente, idPoliza, fechaPago, monto, metodoPago) VALUES (58, 7, 65, TO_DATE('2025-12-20', 'YYYY-MM-DD'), 84929.54, 'EFECTIVO');
INSERT INTO Pagos (idPago, idCliente, idPoliza, fechaPago, monto, metodoPago) VALUES (59, 86, 163, TO_DATE('2025-12-08', 'YYYY-MM-DD'), 181224.27, 'TRANSFERENCIA');
INSERT INTO Pagos (idPago, idCliente, idPoliza, fechaPago, monto, metodoPago) VALUES (60, 66, 71, TO_DATE('2026-01-04', 'YYYY-MM-DD'), 313069.46, 'EFECTIVO');
INSERT INTO Pagos (idPago, idCliente, idPoliza, fechaPago, monto, metodoPago) VALUES (61, 45, 161, TO_DATE('2025-12-27', 'YYYY-MM-DD'), 135011.29, 'TARJETA');
INSERT INTO Pagos (idPago, idCliente, idPoliza, fechaPago, monto, metodoPago) VALUES (62, 50, 158, TO_DATE('2026-01-04', 'YYYY-MM-DD'), 175247.5, 'TRANSFERENCIA');
INSERT INTO Pagos (idPago, idCliente, idPoliza, fechaPago, monto, metodoPago) VALUES (63, 31, 24, TO_DATE('2025-12-25', 'YYYY-MM-DD'), 59873.57, 'TRANSFERENCIA');
INSERT INTO Pagos (idPago, idCliente, idPoliza, fechaPago, monto, metodoPago) VALUES (64, 10, 165, TO_DATE('2025-12-10', 'YYYY-MM-DD'), 129115.11, 'EFECTIVO');
INSERT INTO Pagos (idPago, idCliente, idPoliza, fechaPago, monto, metodoPago) VALUES (65, 65, 152, TO_DATE('2025-12-07', 'YYYY-MM-DD'), 38627.85, 'TRANSFERENCIA');
INSERT INTO Pagos (idPago, idCliente, idPoliza, fechaPago, monto, metodoPago) VALUES (66, 25, 40, TO_DATE('2025-12-09', 'YYYY-MM-DD'), 137182.08, 'EFECTIVO');
INSERT INTO Pagos (idPago, idCliente, idPoliza, fechaPago, monto, metodoPago) VALUES (67, 31, 169, TO_DATE('2025-12-13', 'YYYY-MM-DD'), 134699.39, 'TRANSFERENCIA');
INSERT INTO Pagos (idPago, idCliente, idPoliza, fechaPago, monto, metodoPago) VALUES (68, 45, 185, TO_DATE('2025-12-31', 'YYYY-MM-DD'), 106793.09, 'TRANSFERENCIA');
INSERT INTO Pagos (idPago, idCliente, idPoliza, fechaPago, monto, metodoPago) VALUES (69, 37, 87, TO_DATE('2026-01-03', 'YYYY-MM-DD'), 285024.45, 'TRANSFERENCIA');
INSERT INTO Pagos (idPago, idCliente, idPoliza, fechaPago, monto, metodoPago) VALUES (70, 97, 11, TO_DATE('2025-12-20', 'YYYY-MM-DD'), 109289.56, 'EFECTIVO');
INSERT INTO Pagos (idPago, idCliente, idPoliza, fechaPago, monto, metodoPago) VALUES (71, 49, 21, TO_DATE('2025-12-16', 'YYYY-MM-DD'), 121954.78, 'EFECTIVO');
INSERT INTO Pagos (idPago, idCliente, idPoliza, fechaPago, monto, metodoPago) VALUES (72, 10, 165, TO_DATE('2025-12-10', 'YYYY-MM-DD'), 129115.11, 'TRANSFERENCIA');
INSERT INTO Pagos (idPago, idCliente, idPoliza, fechaPago, monto, metodoPago) VALUES (73, 71, 68, TO_DATE('2025-12-23', 'YYYY-MM-DD'), 174929.53, 'TRANSFERENCIA');
INSERT INTO Pagos (idPago, idCliente, idPoliza, fechaPago, monto, metodoPago) VALUES (74, 81, 54, TO_DATE('2026-01-04', 'YYYY-MM-DD'), 249164.08, 'TRANSFERENCIA');
INSERT INTO Pagos (idPago, idCliente, idPoliza, fechaPago, monto, metodoPago) VALUES (75, 13, 107, TO_DATE('2025-12-13', 'YYYY-MM-DD'), 408878.82, 'TRANSFERENCIA');
INSERT INTO Pagos (idPago, idCliente, idPoliza, fechaPago, monto, metodoPago) VALUES (76, 28, 164, TO_DATE('2025-12-15', 'YYYY-MM-DD'), 147874.04, 'EFECTIVO');
INSERT INTO Pagos (idPago, idCliente, idPoliza, fechaPago, monto, metodoPago) VALUES (77, 28, 128, TO_DATE('2025-12-24', 'YYYY-MM-DD'), 71514.82, 'TRANSFERENCIA');
INSERT INTO Pagos (idPago, idCliente, idPoliza, fechaPago, monto, metodoPago) VALUES (78, 16, 140, TO_DATE('2025-12-15', 'YYYY-MM-DD'), 11489.71, 'TARJETA');
INSERT INTO Pagos (idPago, idCliente, idPoliza, fechaPago, monto, metodoPago) VALUES (79, 10, 165, TO_DATE('2025-12-10', 'YYYY-MM-DD'), 129115.11, 'TARJETA');
INSERT INTO Pagos (idPago, idCliente, idPoliza, fechaPago, monto, metodoPago) VALUES (80, 9, 124, TO_DATE('2025-12-27', 'YYYY-MM-DD'), 45583.45, 'EFECTIVO');
INSERT INTO Pagos (idPago, idCliente, idPoliza, fechaPago, monto, metodoPago) VALUES (81, 13, 176, TO_DATE('2025-12-06', 'YYYY-MM-DD'), 350996.98, 'TARJETA');
INSERT INTO Pagos (idPago, idCliente, idPoliza, fechaPago, monto, metodoPago) VALUES (82, 17, 77, TO_DATE('2025-12-21', 'YYYY-MM-DD'), 213435.55, 'TARJETA');
INSERT INTO Pagos (idPago, idCliente, idPoliza, fechaPago, monto, metodoPago) VALUES (83, 4, 19, TO_DATE('2025-12-24', 'YYYY-MM-DD'), 42611.88, 'TRANSFERENCIA');
INSERT INTO Pagos (idPago, idCliente, idPoliza, fechaPago, monto, metodoPago) VALUES (84, 39, 16, TO_DATE('2025-12-06', 'YYYY-MM-DD'), 316002.34, 'EFECTIVO');
INSERT INTO Pagos (idPago, idCliente, idPoliza, fechaPago, monto, metodoPago) VALUES (85, 31, 113, TO_DATE('2025-12-06', 'YYYY-MM-DD'), 248781.61, 'TARJETA');
INSERT INTO Pagos (idPago, idCliente, idPoliza, fechaPago, monto, metodoPago) VALUES (86, 9, 124, TO_DATE('2025-12-27', 'YYYY-MM-DD'), 45583.45, 'TARJETA');
INSERT INTO Pagos (idPago, idCliente, idPoliza, fechaPago, monto, metodoPago) VALUES (87, 91, 53, TO_DATE('2025-12-13', 'YYYY-MM-DD'), 123776.67, 'TARJETA');
INSERT INTO Pagos (idPago, idCliente, idPoliza, fechaPago, monto, metodoPago) VALUES (88, 92, 156, TO_DATE('2025-12-31', 'YYYY-MM-DD'), 42767.73, 'EFECTIVO');
INSERT INTO Pagos (idPago, idCliente, idPoliza, fechaPago, monto, metodoPago) VALUES (89, 9, 81, TO_DATE('2025-12-07', 'YYYY-MM-DD'), 104197.85, 'TRANSFERENCIA');
INSERT INTO Pagos (idPago, idCliente, idPoliza, fechaPago, monto, metodoPago) VALUES (90, 98, 82, TO_DATE('2025-12-19', 'YYYY-MM-DD'), 267113.7, 'TRANSFERENCIA');
INSERT INTO Pagos (idPago, idCliente, idPoliza, fechaPago, monto, metodoPago) VALUES (91, 26, 89, TO_DATE('2026-01-02', 'YYYY-MM-DD'), 416410.87, 'TARJETA');
INSERT INTO Pagos (idPago, idCliente, idPoliza, fechaPago, monto, metodoPago) VALUES (92, 24, 34, TO_DATE('2025-12-21', 'YYYY-MM-DD'), 207416.22, 'TARJETA');
INSERT INTO Pagos (idPago, idCliente, idPoliza, fechaPago, monto, metodoPago) VALUES (93, 73, 132, TO_DATE('2025-12-11', 'YYYY-MM-DD'), 276749.06, 'TRANSFERENCIA');
INSERT INTO Pagos (idPago, idCliente, idPoliza, fechaPago, monto, metodoPago) VALUES (94, 77, 28, TO_DATE('2026-01-02', 'YYYY-MM-DD'), 337257.25, 'TARJETA');
INSERT INTO Pagos (idPago, idCliente, idPoliza, fechaPago, monto, metodoPago) VALUES (95, 42, 62, TO_DATE('2025-12-19', 'YYYY-MM-DD'), 281971.18, 'TARJETA');
INSERT INTO Pagos (idPago, idCliente, idPoliza, fechaPago, monto, metodoPago) VALUES (96, 76, 32, TO_DATE('2025-12-19', 'YYYY-MM-DD'), 117928.18, 'TARJETA');
INSERT INTO Pagos (idPago, idCliente, idPoliza, fechaPago, monto, metodoPago) VALUES (97, 6, 116, TO_DATE('2025-12-13', 'YYYY-MM-DD'), 305290.89, 'EFECTIVO');
INSERT INTO Pagos (idPago, idCliente, idPoliza, fechaPago, monto, metodoPago) VALUES (98, 3, 37, TO_DATE('2025-12-20', 'YYYY-MM-DD'), 46330.12, 'EFECTIVO');
INSERT INTO Pagos (idPago, idCliente, idPoliza, fechaPago, monto, metodoPago) VALUES (99, 11, 13, TO_DATE('2025-12-16', 'YYYY-MM-DD'), 64836.08, 'TARJETA');
INSERT INTO Pagos (idPago, idCliente, idPoliza, fechaPago, monto, metodoPago) VALUES (100, 2, 99, TO_DATE('2025-12-31', 'YYYY-MM-DD'), 116320.59, 'TRANSFERENCIA');
INSERT INTO Pagos (idPago, idCliente, idPoliza, fechaPago, monto, metodoPago) VALUES (101, 25, 108, TO_DATE('2025-12-18', 'YYYY-MM-DD'), 403684.47, 'EFECTIVO');
INSERT INTO Pagos (idPago, idCliente, idPoliza, fechaPago, monto, metodoPago) VALUES (102, 36, 41, TO_DATE('2025-12-29', 'YYYY-MM-DD'), 304205.54, 'TARJETA');
INSERT INTO Pagos (idPago, idCliente, idPoliza, fechaPago, monto, metodoPago) VALUES (103, 19, 148, TO_DATE('2025-12-29', 'YYYY-MM-DD'), 104809.78, 'TRANSFERENCIA');
INSERT INTO Pagos (idPago, idCliente, idPoliza, fechaPago, monto, metodoPago) VALUES (104, 9, 81, TO_DATE('2025-12-07', 'YYYY-MM-DD'), 104197.85, 'EFECTIVO');
INSERT INTO Pagos (idPago, idCliente, idPoliza, fechaPago, monto, metodoPago) VALUES (105, 79, 196, TO_DATE('2025-12-29', 'YYYY-MM-DD'), 415911.49, 'EFECTIVO');
INSERT INTO Pagos (idPago, idCliente, idPoliza, fechaPago, monto, metodoPago) VALUES (106, 28, 128, TO_DATE('2025-12-24', 'YYYY-MM-DD'), 71514.82, 'TRANSFERENCIA');
INSERT INTO Pagos (idPago, idCliente, idPoliza, fechaPago, monto, metodoPago) VALUES (107, 59, 120, TO_DATE('2025-12-22', 'YYYY-MM-DD'), 214766.69, 'TARJETA');
INSERT INTO Pagos (idPago, idCliente, idPoliza, fechaPago, monto, metodoPago) VALUES (108, 34, 79, TO_DATE('2025-12-08', 'YYYY-MM-DD'), 146579.17, 'TARJETA');
INSERT INTO Pagos (idPago, idCliente, idPoliza, fechaPago, monto, metodoPago) VALUES (109, 10, 6, TO_DATE('2026-01-02', 'YYYY-MM-DD'), 194294.94, 'EFECTIVO');
INSERT INTO Pagos (idPago, idCliente, idPoliza, fechaPago, monto, metodoPago) VALUES (110, 61, 101, TO_DATE('2025-12-27', 'YYYY-MM-DD'), 18551.73, 'TRANSFERENCIA');
INSERT INTO Pagos (idPago, idCliente, idPoliza, fechaPago, monto, metodoPago) VALUES (111, 42, 118, TO_DATE('2025-12-08', 'YYYY-MM-DD'), 256721.45, 'EFECTIVO');
INSERT INTO Pagos (idPago, idCliente, idPoliza, fechaPago, monto, metodoPago) VALUES (112, 40, 56, TO_DATE('2025-12-07', 'YYYY-MM-DD'), 251309.65, 'TRANSFERENCIA');
INSERT INTO Pagos (idPago, idCliente, idPoliza, fechaPago, monto, metodoPago) VALUES (113, 73, 91, TO_DATE('2025-12-14', 'YYYY-MM-DD'), 361569.19, 'EFECTIVO');
INSERT INTO Pagos (idPago, idCliente, idPoliza, fechaPago, monto, metodoPago) VALUES (114, 11, 13, TO_DATE('2025-12-16', 'YYYY-MM-DD'), 64836.08, 'TARJETA');
INSERT INTO Pagos (idPago, idCliente, idPoliza, fechaPago, monto, metodoPago) VALUES (115, 7, 127, TO_DATE('2026-01-02', 'YYYY-MM-DD'), 403762.77, 'TRANSFERENCIA');
INSERT INTO Pagos (idPago, idCliente, idPoliza, fechaPago, monto, metodoPago) VALUES (116, 87, 168, TO_DATE('2025-12-19', 'YYYY-MM-DD'), 302164.15, 'TRANSFERENCIA');
INSERT INTO Pagos (idPago, idCliente, idPoliza, fechaPago, monto, metodoPago) VALUES (117, 84, 121, TO_DATE('2026-01-02', 'YYYY-MM-DD'), 366730.04, 'TARJETA');
INSERT INTO Pagos (idPago, idCliente, idPoliza, fechaPago, monto, metodoPago) VALUES (118, 86, 138, TO_DATE('2025-12-21', 'YYYY-MM-DD'), 134271.25, 'EFECTIVO');
INSERT INTO Pagos (idPago, idCliente, idPoliza, fechaPago, monto, metodoPago) VALUES (119, 77, 28, TO_DATE('2026-01-02', 'YYYY-MM-DD'), 337257.25, 'TARJETA');
INSERT INTO Pagos (idPago, idCliente, idPoliza, fechaPago, monto, metodoPago) VALUES (120, 90, 35, TO_DATE('2025-12-14', 'YYYY-MM-DD'), 367710.5, 'TARJETA');
INSERT INTO Pagos (idPago, idCliente, idPoliza, fechaPago, monto, metodoPago) VALUES (121, 18, 187, TO_DATE('2025-12-26', 'YYYY-MM-DD'), 34099.39, 'TARJETA');
INSERT INTO Pagos (idPago, idCliente, idPoliza, fechaPago, monto, metodoPago) VALUES (122, 79, 196, TO_DATE('2025-12-29', 'YYYY-MM-DD'), 415911.49, 'TARJETA');
INSERT INTO Pagos (idPago, idCliente, idPoliza, fechaPago, monto, metodoPago) VALUES (123, 57, 94, TO_DATE('2025-12-15', 'YYYY-MM-DD'), 21957.18, 'EFECTIVO');
INSERT INTO Pagos (idPago, idCliente, idPoliza, fechaPago, monto, metodoPago) VALUES (124, 39, 103, TO_DATE('2025-12-07', 'YYYY-MM-DD'), 415003.68, 'EFECTIVO');
INSERT INTO Pagos (idPago, idCliente, idPoliza, fechaPago, monto, metodoPago) VALUES (125, 96, 146, TO_DATE('2026-01-02', 'YYYY-MM-DD'), 146967.92, 'TRANSFERENCIA');
INSERT INTO Pagos (idPago, idCliente, idPoliza, fechaPago, monto, metodoPago) VALUES (126, 79, 50, TO_DATE('2025-12-25', 'YYYY-MM-DD'), 400377.75, 'TARJETA');
INSERT INTO Pagos (idPago, idCliente, idPoliza, fechaPago, monto, metodoPago) VALUES (127, 6, 142, TO_DATE('2026-01-02', 'YYYY-MM-DD'), 186456.33, 'TARJETA');
INSERT INTO Pagos (idPago, idCliente, idPoliza, fechaPago, monto, metodoPago) VALUES (128, 4, 19, TO_DATE('2025-12-24', 'YYYY-MM-DD'), 42611.88, 'TARJETA');
INSERT INTO Pagos (idPago, idCliente, idPoliza, fechaPago, monto, metodoPago) VALUES (129, 99, 130, TO_DATE('2026-01-02', 'YYYY-MM-DD'), 342524.3, 'TARJETA');
INSERT INTO Pagos (idPago, idCliente, idPoliza, fechaPago, monto, metodoPago) VALUES (130, 79, 196, TO_DATE('2025-12-29', 'YYYY-MM-DD'), 415911.49, 'TRANSFERENCIA');
INSERT INTO Pagos (idPago, idCliente, idPoliza, fechaPago, monto, metodoPago) VALUES (131, 54, 72, TO_DATE('2025-12-30', 'YYYY-MM-DD'), 147115.72, 'TRANSFERENCIA');
INSERT INTO Pagos (idPago, idCliente, idPoliza, fechaPago, monto, metodoPago) VALUES (132, 48, 175, TO_DATE('2025-12-18', 'YYYY-MM-DD'), 104609.38, 'TRANSFERENCIA');
INSERT INTO Pagos (idPago, idCliente, idPoliza, fechaPago, monto, metodoPago) VALUES (133, 94, 31, TO_DATE('2025-12-19', 'YYYY-MM-DD'), 221379.92, 'EFECTIVO');
INSERT INTO Pagos (idPago, idCliente, idPoliza, fechaPago, monto, metodoPago) VALUES (134, 99, 25, TO_DATE('2025-12-28', 'YYYY-MM-DD'), 158965.53, 'TARJETA');
INSERT INTO Pagos (idPago, idCliente, idPoliza, fechaPago, monto, metodoPago) VALUES (135, 47, 96, TO_DATE('2025-12-31', 'YYYY-MM-DD'), 225098.05, 'TARJETA');
INSERT INTO Pagos (idPago, idCliente, idPoliza, fechaPago, monto, metodoPago) VALUES (136, 74, 143, TO_DATE('2025-12-24', 'YYYY-MM-DD'), 173472.68, 'TARJETA');
INSERT INTO Pagos (idPago, idCliente, idPoliza, fechaPago, monto, metodoPago) VALUES (137, 42, 194, TO_DATE('2025-12-09', 'YYYY-MM-DD'), 278208.68, 'EFECTIVO');
INSERT INTO Pagos (idPago, idCliente, idPoliza, fechaPago, monto, metodoPago) VALUES (138, 11, 51, TO_DATE('2025-12-14', 'YYYY-MM-DD'), 72464.98, 'TRANSFERENCIA');
INSERT INTO Pagos (idPago, idCliente, idPoliza, fechaPago, monto, metodoPago) VALUES (139, 90, 131, TO_DATE('2025-12-11', 'YYYY-MM-DD'), 319650.55, 'TARJETA');
INSERT INTO Pagos (idPago, idCliente, idPoliza, fechaPago, monto, metodoPago) VALUES (140, 48, 129, TO_DATE('2025-12-17', 'YYYY-MM-DD'), 55244.84, 'EFECTIVO');
INSERT INTO Pagos (idPago, idCliente, idPoliza, fechaPago, monto, metodoPago) VALUES (141, 10, 12, TO_DATE('2025-12-14', 'YYYY-MM-DD'), 299697.49, 'EFECTIVO');
INSERT INTO Pagos (idPago, idCliente, idPoliza, fechaPago, monto, metodoPago) VALUES (142, 53, 36, TO_DATE('2025-12-13', 'YYYY-MM-DD'), 207835.95, 'TRANSFERENCIA');
INSERT INTO Pagos (idPago, idCliente, idPoliza, fechaPago, monto, metodoPago) VALUES (143, 60, 86, TO_DATE('2025-12-10', 'YYYY-MM-DD'), 268811.06, 'TARJETA');
INSERT INTO Pagos (idPago, idCliente, idPoliza, fechaPago, monto, metodoPago) VALUES (144, 68, 133, TO_DATE('2025-12-08', 'YYYY-MM-DD'), 96179.26, 'TARJETA');
INSERT INTO Pagos (idPago, idCliente, idPoliza, fechaPago, monto, metodoPago) VALUES (145, 90, 39, TO_DATE('2025-12-16', 'YYYY-MM-DD'), 193612.65, 'TRANSFERENCIA');
INSERT INTO Pagos (idPago, idCliente, idPoliza, fechaPago, monto, metodoPago) VALUES (146, 73, 132, TO_DATE('2025-12-11', 'YYYY-MM-DD'), 276749.06, 'EFECTIVO');
INSERT INTO Pagos (idPago, idCliente, idPoliza, fechaPago, monto, metodoPago) VALUES (147, 19, 84, TO_DATE('2025-12-17', 'YYYY-MM-DD'), 108047.28, 'TRANSFERENCIA');
INSERT INTO Pagos (idPago, idCliente, idPoliza, fechaPago, monto, metodoPago) VALUES (148, 98, 82, TO_DATE('2025-12-19', 'YYYY-MM-DD'), 267113.7, 'EFECTIVO');
INSERT INTO Pagos (idPago, idCliente, idPoliza, fechaPago, monto, metodoPago) VALUES (149, 61, 101, TO_DATE('2025-12-27', 'YYYY-MM-DD'), 18551.73, 'TRANSFERENCIA');
INSERT INTO Pagos (idPago, idCliente, idPoliza, fechaPago, monto, metodoPago) VALUES (150, 7, 190, TO_DATE('2026-01-02', 'YYYY-MM-DD'), 361867.63, 'TARJETA');
INSERT INTO Pagos (idPago, idCliente, idPoliza, fechaPago, monto, metodoPago) VALUES (151, 65, 152, TO_DATE('2025-12-07', 'YYYY-MM-DD'), 38627.85, 'TARJETA');
INSERT INTO Pagos (idPago, idCliente, idPoliza, fechaPago, monto, metodoPago) VALUES (152, 99, 130, TO_DATE('2026-01-02', 'YYYY-MM-DD'), 342524.3, 'TRANSFERENCIA');
INSERT INTO Pagos (idPago, idCliente, idPoliza, fechaPago, monto, metodoPago) VALUES (153, 15, 137, TO_DATE('2025-12-30', 'YYYY-MM-DD'), 149278.92, 'TARJETA');
INSERT INTO Pagos (idPago, idCliente, idPoliza, fechaPago, monto, metodoPago) VALUES (154, 79, 182, TO_DATE('2025-12-19', 'YYYY-MM-DD'), 152399.88, 'TRANSFERENCIA');
INSERT INTO Pagos (idPago, idCliente, idPoliza, fechaPago, monto, metodoPago) VALUES (155, 17, 77, TO_DATE('2025-12-21', 'YYYY-MM-DD'), 213435.55, 'TARJETA');
INSERT INTO Pagos (idPago, idCliente, idPoliza, fechaPago, monto, metodoPago) VALUES (156, 19, 5, TO_DATE('2025-12-13', 'YYYY-MM-DD'), 18307.03, 'TARJETA');
INSERT INTO Pagos (idPago, idCliente, idPoliza, fechaPago, monto, metodoPago) VALUES (157, 79, 85, TO_DATE('2025-12-11', 'YYYY-MM-DD'), 363926.17, 'TRANSFERENCIA');
INSERT INTO Pagos (idPago, idCliente, idPoliza, fechaPago, monto, metodoPago) VALUES (158, 48, 29, TO_DATE('2025-12-19', 'YYYY-MM-DD'), 36490.67, 'TARJETA');
INSERT INTO Pagos (idPago, idCliente, idPoliza, fechaPago, monto, metodoPago) VALUES (159, 73, 150, TO_DATE('2025-12-20', 'YYYY-MM-DD'), 318616.5, 'TARJETA');
INSERT INTO Pagos (idPago, idCliente, idPoliza, fechaPago, monto, metodoPago) VALUES (160, 70, 186, TO_DATE('2025-12-07', 'YYYY-MM-DD'), 146573.46, 'TRANSFERENCIA');
INSERT INTO Pagos (idPago, idCliente, idPoliza, fechaPago, monto, metodoPago) VALUES (161, 40, 162, TO_DATE('2025-12-28', 'YYYY-MM-DD'), 236559.85, 'EFECTIVO');
INSERT INTO Pagos (idPago, idCliente, idPoliza, fechaPago, monto, metodoPago) VALUES (162, 37, 153, TO_DATE('2025-12-07', 'YYYY-MM-DD'), 39665.16, 'TARJETA');
INSERT INTO Pagos (idPago, idCliente, idPoliza, fechaPago, monto, metodoPago) VALUES (163, 71, 68, TO_DATE('2025-12-23', 'YYYY-MM-DD'), 174929.53, 'TRANSFERENCIA');
INSERT INTO Pagos (idPago, idCliente, idPoliza, fechaPago, monto, metodoPago) VALUES (164, 83, 199, TO_DATE('2025-12-13', 'YYYY-MM-DD'), 157917.46, 'TRANSFERENCIA');
INSERT INTO Pagos (idPago, idCliente, idPoliza, fechaPago, monto, metodoPago) VALUES (165, 19, 148, TO_DATE('2025-12-29', 'YYYY-MM-DD'), 104809.78, 'EFECTIVO');
INSERT INTO Pagos (idPago, idCliente, idPoliza, fechaPago, monto, metodoPago) VALUES (166, 45, 185, TO_DATE('2025-12-31', 'YYYY-MM-DD'), 106793.09, 'EFECTIVO');
INSERT INTO Pagos (idPago, idCliente, idPoliza, fechaPago, monto, metodoPago) VALUES (167, 73, 150, TO_DATE('2025-12-20', 'YYYY-MM-DD'), 318616.5, 'TARJETA');
INSERT INTO Pagos (idPago, idCliente, idPoliza, fechaPago, monto, metodoPago) VALUES (168, 74, 44, TO_DATE('2026-01-02', 'YYYY-MM-DD'), 124438.56, 'TRANSFERENCIA');
INSERT INTO Pagos (idPago, idCliente, idPoliza, fechaPago, monto, metodoPago) VALUES (169, 40, 162, TO_DATE('2025-12-28', 'YYYY-MM-DD'), 236559.85, 'TRANSFERENCIA');
INSERT INTO Pagos (idPago, idCliente, idPoliza, fechaPago, monto, metodoPago) VALUES (170, 13, 159, TO_DATE('2025-12-08', 'YYYY-MM-DD'), 236168.31, 'TARJETA');
INSERT INTO Pagos (idPago, idCliente, idPoliza, fechaPago, monto, metodoPago) VALUES (171, 75, 38, TO_DATE('2025-12-15', 'YYYY-MM-DD'), 159016.68, 'TRANSFERENCIA');
INSERT INTO Pagos (idPago, idCliente, idPoliza, fechaPago, monto, metodoPago) VALUES (172, 37, 63, TO_DATE('2025-12-28', 'YYYY-MM-DD'), 278888.28, 'EFECTIVO');
INSERT INTO Pagos (idPago, idCliente, idPoliza, fechaPago, monto, metodoPago) VALUES (173, 15, 147, TO_DATE('2025-12-22', 'YYYY-MM-DD'), 224996.97, 'TRANSFERENCIA');
INSERT INTO Pagos (idPago, idCliente, idPoliza, fechaPago, monto, metodoPago) VALUES (174, 48, 29, TO_DATE('2025-12-19', 'YYYY-MM-DD'), 36490.67, 'EFECTIVO');
INSERT INTO Pagos (idPago, idCliente, idPoliza, fechaPago, monto, metodoPago) VALUES (175, 19, 5, TO_DATE('2025-12-13', 'YYYY-MM-DD'), 18307.03, 'TARJETA');
INSERT INTO Pagos (idPago, idCliente, idPoliza, fechaPago, monto, metodoPago) VALUES (176, 9, 81, TO_DATE('2025-12-07', 'YYYY-MM-DD'), 104197.85, 'TARJETA');
INSERT INTO Pagos (idPago, idCliente, idPoliza, fechaPago, monto, metodoPago) VALUES (177, 90, 39, TO_DATE('2025-12-16', 'YYYY-MM-DD'), 193612.65, 'TARJETA');
INSERT INTO Pagos (idPago, idCliente, idPoliza, fechaPago, monto, metodoPago) VALUES (178, 61, 177, TO_DATE('2025-12-07', 'YYYY-MM-DD'), 292562.73, 'EFECTIVO');
INSERT INTO Pagos (idPago, idCliente, idPoliza, fechaPago, monto, metodoPago) VALUES (179, 5, 106, TO_DATE('2025-12-19', 'YYYY-MM-DD'), 290197.94, 'TRANSFERENCIA');
INSERT INTO Pagos (idPago, idCliente, idPoliza, fechaPago, monto, metodoPago) VALUES (180, 83, 199, TO_DATE('2025-12-13', 'YYYY-MM-DD'), 157917.46, 'TRANSFERENCIA');
INSERT INTO Pagos (idPago, idCliente, idPoliza, fechaPago, monto, metodoPago) VALUES (181, 84, 121, TO_DATE('2026-01-02', 'YYYY-MM-DD'), 366730.04, 'TRANSFERENCIA');
INSERT INTO Pagos (idPago, idCliente, idPoliza, fechaPago, monto, metodoPago) VALUES (182, 18, 187, TO_DATE('2025-12-26', 'YYYY-MM-DD'), 34099.39, 'EFECTIVO');
INSERT INTO Pagos (idPago, idCliente, idPoliza, fechaPago, monto, metodoPago) VALUES (183, 77, 181, TO_DATE('2026-01-01', 'YYYY-MM-DD'), 227221.96, 'EFECTIVO');
INSERT INTO Pagos (idPago, idCliente, idPoliza, fechaPago, monto, metodoPago) VALUES (184, 68, 133, TO_DATE('2025-12-08', 'YYYY-MM-DD'), 96179.26, 'EFECTIVO');
INSERT INTO Pagos (idPago, idCliente, idPoliza, fechaPago, monto, metodoPago) VALUES (185, 42, 144, TO_DATE('2025-12-18', 'YYYY-MM-DD'), 78514.88, 'TARJETA');
INSERT INTO Pagos (idPago, idCliente, idPoliza, fechaPago, monto, metodoPago) VALUES (186, 57, 170, TO_DATE('2025-12-27', 'YYYY-MM-DD'), 196852.66, 'TARJETA');
INSERT INTO Pagos (idPago, idCliente, idPoliza, fechaPago, monto, metodoPago) VALUES (187, 80, 135, TO_DATE('2025-12-11', 'YYYY-MM-DD'), 28653.02, 'TARJETA');
INSERT INTO Pagos (idPago, idCliente, idPoliza, fechaPago, monto, metodoPago) VALUES (188, 9, 81, TO_DATE('2025-12-07', 'YYYY-MM-DD'), 104197.85, 'EFECTIVO');
INSERT INTO Pagos (idPago, idCliente, idPoliza, fechaPago, monto, metodoPago) VALUES (189, 42, 118, TO_DATE('2025-12-08', 'YYYY-MM-DD'), 256721.45, 'TRANSFERENCIA');
INSERT INTO Pagos (idPago, idCliente, idPoliza, fechaPago, monto, metodoPago) VALUES (190, 39, 88, TO_DATE('2025-12-17', 'YYYY-MM-DD'), 269233.3, 'TRANSFERENCIA');
INSERT INTO Pagos (idPago, idCliente, idPoliza, fechaPago, monto, metodoPago) VALUES (191, 73, 91, TO_DATE('2025-12-14', 'YYYY-MM-DD'), 361569.19, 'TRANSFERENCIA');
INSERT INTO Pagos (idPago, idCliente, idPoliza, fechaPago, monto, metodoPago) VALUES (192, 87, 198, TO_DATE('2026-01-02', 'YYYY-MM-DD'), 327369.05, 'TRANSFERENCIA');
INSERT INTO Pagos (idPago, idCliente, idPoliza, fechaPago, monto, metodoPago) VALUES (193, 48, 175, TO_DATE('2025-12-18', 'YYYY-MM-DD'), 104609.38, 'TRANSFERENCIA');
INSERT INTO Pagos (idPago, idCliente, idPoliza, fechaPago, monto, metodoPago) VALUES (194, 11, 178, TO_DATE('2025-12-25', 'YYYY-MM-DD'), 16093.25, 'TARJETA');
INSERT INTO Pagos (idPago, idCliente, idPoliza, fechaPago, monto, metodoPago) VALUES (195, 57, 157, TO_DATE('2025-12-28', 'YYYY-MM-DD'), 222327.99, 'TARJETA');
INSERT INTO Pagos (idPago, idCliente, idPoliza, fechaPago, monto, metodoPago) VALUES (196, 79, 50, TO_DATE('2025-12-25', 'YYYY-MM-DD'), 400377.75, 'EFECTIVO');
INSERT INTO Pagos (idPago, idCliente, idPoliza, fechaPago, monto, metodoPago) VALUES (197, 54, 72, TO_DATE('2025-12-30', 'YYYY-MM-DD'), 147115.72, 'TRANSFERENCIA');
INSERT INTO Pagos (idPago, idCliente, idPoliza, fechaPago, monto, metodoPago) VALUES (198, 17, 77, TO_DATE('2025-12-21', 'YYYY-MM-DD'), 213435.55, 'EFECTIVO');
INSERT INTO Pagos (idPago, idCliente, idPoliza, fechaPago, monto, metodoPago) VALUES (199, 17, 77, TO_DATE('2025-12-21', 'YYYY-MM-DD'), 213435.55, 'TARJETA');
INSERT INTO Pagos (idPago, idCliente, idPoliza, fechaPago, monto, metodoPago) VALUES (200, 77, 181, TO_DATE('2026-01-01', 'YYYY-MM-DD'), 227221.96, 'EFECTIVO');

-- Beneficiarios
INSERT INTO Beneficiarios (idBeneficiario, idPoliza, nombre, relacion, porcentaje) VALUES (1, 177, 'Isabella Diaz', 'Madre', 100);
INSERT INTO Beneficiarios (idBeneficiario, idPoliza, nombre, relacion, porcentaje) VALUES (2, 144, 'Carlos Torres', 'Hijo', 100);
INSERT INTO Beneficiarios (idBeneficiario, idPoliza, nombre, relacion, porcentaje) VALUES (3, 102, 'Camila Martinez', 'Padre', 50);
INSERT INTO Beneficiarios (idBeneficiario, idPoliza, nombre, relacion, porcentaje) VALUES (4, 74, 'Pedro Vargas', 'Madre', 100);
INSERT INTO Beneficiarios (idBeneficiario, idPoliza, nombre, relacion, porcentaje) VALUES (5, 192, 'Isabella Hernandez', 'Esposo', 100);
INSERT INTO Beneficiarios (idBeneficiario, idPoliza, nombre, relacion, porcentaje) VALUES (6, 144, 'Carlos Martinez', 'Hijo', 50);
INSERT INTO Beneficiarios (idBeneficiario, idPoliza, nombre, relacion, porcentaje) VALUES (7, 63, 'Maria Rojas', 'Esposo', 50);
INSERT INTO Beneficiarios (idBeneficiario, idPoliza, nombre, relacion, porcentaje) VALUES (8, 14, 'Ana Jimenez', 'Padre', 100);
INSERT INTO Beneficiarios (idBeneficiario, idPoliza, nombre, relacion, porcentaje) VALUES (9, 26, 'Luis Perez', 'Hermano', 50);
INSERT INTO Beneficiarios (idBeneficiario, idPoliza, nombre, relacion, porcentaje) VALUES (10, 105, 'Isabella Muñoz', 'Esposo', 100);
INSERT INTO Beneficiarios (idBeneficiario, idPoliza, nombre, relacion, porcentaje) VALUES (11, 83, 'Sofia Gomez', 'Hijo', 50);
INSERT INTO Beneficiarios (idBeneficiario, idPoliza, nombre, relacion, porcentaje) VALUES (12, 137, 'Maria Garcia', 'Madre', 50);
INSERT INTO Beneficiarios (idBeneficiario, idPoliza, nombre, relacion, porcentaje) VALUES (13, 10, 'Diego Muñoz', 'Esposo', 100);
INSERT INTO Beneficiarios (idBeneficiario, idPoliza, nombre, relacion, porcentaje) VALUES (14, 10, 'Juan Torres', 'Hermano', 50);
INSERT INTO Beneficiarios (idBeneficiario, idPoliza, nombre, relacion, porcentaje) VALUES (15, 86, 'Sofia Moreno', 'Hermano', 100);
INSERT INTO Beneficiarios (idBeneficiario, idPoliza, nombre, relacion, porcentaje) VALUES (16, 35, 'Mateo Moreno', 'Padre', 50);
INSERT INTO Beneficiarios (idBeneficiario, idPoliza, nombre, relacion, porcentaje) VALUES (17, 29, 'Andres Garcia', 'Madre', 100);
INSERT INTO Beneficiarios (idBeneficiario, idPoliza, nombre, relacion, porcentaje) VALUES (18, 184, 'Carmen Perez', 'Padre', 100);
INSERT INTO Beneficiarios (idBeneficiario, idPoliza, nombre, relacion, porcentaje) VALUES (19, 146, 'Jose Garcia', 'Hermano', 100);
INSERT INTO Beneficiarios (idBeneficiario, idPoliza, nombre, relacion, porcentaje) VALUES (20, 110, 'Mateo Diaz', 'Hijo', 100);
INSERT INTO Beneficiarios (idBeneficiario, idPoliza, nombre, relacion, porcentaje) VALUES (21, 172, 'Ana Garcia', 'Esposo', 100);
INSERT INTO Beneficiarios (idBeneficiario, idPoliza, nombre, relacion, porcentaje) VALUES (22, 83, 'Laura Perez', 'Padre', 100);
INSERT INTO Beneficiarios (idBeneficiario, idPoliza, nombre, relacion, porcentaje) VALUES (23, 61, 'Gabriel Ramirez', 'Padre', 100);
INSERT INTO Beneficiarios (idBeneficiario, idPoliza, nombre, relacion, porcentaje) VALUES (24, 150, 'Lucas Perez', 'Padre', 100);
INSERT INTO Beneficiarios (idBeneficiario, idPoliza, nombre, relacion, porcentaje) VALUES (25, 178, 'Laura Gomez', 'Hijo', 100);
INSERT INTO Beneficiarios (idBeneficiario, idPoliza, nombre, relacion, porcentaje) VALUES (26, 79, 'Carmen Castillo', 'Hermano', 100);
INSERT INTO Beneficiarios (idBeneficiario, idPoliza, nombre, relacion, porcentaje) VALUES (27, 177, 'Ana Torres', 'Padre', 50);
INSERT INTO Beneficiarios (idBeneficiario, idPoliza, nombre, relacion, porcentaje) VALUES (28, 57, 'Luis Muñoz', 'Esposo', 100);
INSERT INTO Beneficiarios (idBeneficiario, idPoliza, nombre, relacion, porcentaje) VALUES (29, 192, 'Daniela Vargas', 'Madre', 100);
INSERT INTO Beneficiarios (idBeneficiario, idPoliza, nombre, relacion, porcentaje) VALUES (30, 194, 'Mariana Hernandez', 'Esposo', 50);
INSERT INTO Beneficiarios (idBeneficiario, idPoliza, nombre, relacion, porcentaje) VALUES (31, 135, 'Gabriel Rojas', 'Padre', 50);
INSERT INTO Beneficiarios (idBeneficiario, idPoliza, nombre, relacion, porcentaje) VALUES (32, 145, 'Ana Gomez', 'Hermano', 50);
INSERT INTO Beneficiarios (idBeneficiario, idPoliza, nombre, relacion, porcentaje) VALUES (33, 147, 'Mariana Martinez', 'Esposo', 100);
INSERT INTO Beneficiarios (idBeneficiario, idPoliza, nombre, relacion, porcentaje) VALUES (34, 134, 'Gabriel Lopez', 'Esposo', 100);
INSERT INTO Beneficiarios (idBeneficiario, idPoliza, nombre, relacion, porcentaje) VALUES (35, 24, 'Mateo Moreno', 'Hijo', 100);
INSERT INTO Beneficiarios (idBeneficiario, idPoliza, nombre, relacion, porcentaje) VALUES (36, 34, 'Mateo Jimenez', 'Madre', 50);
INSERT INTO Beneficiarios (idBeneficiario, idPoliza, nombre, relacion, porcentaje) VALUES (37, 144, 'Gabriel Torres', 'Hijo', 100);
INSERT INTO Beneficiarios (idBeneficiario, idPoliza, nombre, relacion, porcentaje) VALUES (38, 66, 'Juan Hernandez', 'Hermano', 50);
INSERT INTO Beneficiarios (idBeneficiario, idPoliza, nombre, relacion, porcentaje) VALUES (39, 12, 'Valentina Vargas', 'Hijo', 50);
INSERT INTO Beneficiarios (idBeneficiario, idPoliza, nombre, relacion, porcentaje) VALUES (40, 18, 'Isabella Gomez', 'Padre', 100);
INSERT INTO Beneficiarios (idBeneficiario, idPoliza, nombre, relacion, porcentaje) VALUES (41, 47, 'Luis Jimenez', 'Padre', 100);
INSERT INTO Beneficiarios (idBeneficiario, idPoliza, nombre, relacion, porcentaje) VALUES (42, 115, 'Diego Castillo', 'Hijo', 50);
INSERT INTO Beneficiarios (idBeneficiario, idPoliza, nombre, relacion, porcentaje) VALUES (43, 168, 'Camila Lopez', 'Esposo', 100);
INSERT INTO Beneficiarios (idBeneficiario, idPoliza, nombre, relacion, porcentaje) VALUES (44, 136, 'Luis Sanchez', 'Hijo', 50);
INSERT INTO Beneficiarios (idBeneficiario, idPoliza, nombre, relacion, porcentaje) VALUES (45, 77, 'Gabriel Romero', 'Madre', 100);
INSERT INTO Beneficiarios (idBeneficiario, idPoliza, nombre, relacion, porcentaje) VALUES (46, 59, 'Laura Moreno', 'Padre', 50);
INSERT INTO Beneficiarios (idBeneficiario, idPoliza, nombre, relacion, porcentaje) VALUES (47, 71, 'Jose Lopez', 'Hijo', 100);
INSERT INTO Beneficiarios (idBeneficiario, idPoliza, nombre, relacion, porcentaje) VALUES (48, 158, 'Juan Sanchez', 'Esposo', 50);
INSERT INTO Beneficiarios (idBeneficiario, idPoliza, nombre, relacion, porcentaje) VALUES (49, 26, 'Daniela Gomez', 'Madre', 50);
INSERT INTO Beneficiarios (idBeneficiario, idPoliza, nombre, relacion, porcentaje) VALUES (50, 63, 'Maria Castillo', 'Madre', 50);
INSERT INTO Beneficiarios (idBeneficiario, idPoliza, nombre, relacion, porcentaje) VALUES (51, 139, 'Jose Gomez', 'Esposo', 100);
INSERT INTO Beneficiarios (idBeneficiario, idPoliza, nombre, relacion, porcentaje) VALUES (52, 60, 'Lucas Diaz', 'Hermano', 100);
INSERT INTO Beneficiarios (idBeneficiario, idPoliza, nombre, relacion, porcentaje) VALUES (53, 61, 'Sofia Martinez', 'Hermano', 50);
INSERT INTO Beneficiarios (idBeneficiario, idPoliza, nombre, relacion, porcentaje) VALUES (54, 106, 'Sofia Ramirez', 'Hijo', 50);
INSERT INTO Beneficiarios (idBeneficiario, idPoliza, nombre, relacion, porcentaje) VALUES (55, 161, 'Valentina Romero', 'Madre', 50);
INSERT INTO Beneficiarios (idBeneficiario, idPoliza, nombre, relacion, porcentaje) VALUES (56, 89, 'Diego Rojas', 'Padre', 100);
INSERT INTO Beneficiarios (idBeneficiario, idPoliza, nombre, relacion, porcentaje) VALUES (57, 105, 'Luis Torres', 'Madre', 50);
INSERT INTO Beneficiarios (idBeneficiario, idPoliza, nombre, relacion, porcentaje) VALUES (58, 194, 'Mariana Muñoz', 'Esposo', 50);
INSERT INTO Beneficiarios (idBeneficiario, idPoliza, nombre, relacion, porcentaje) VALUES (59, 77, 'Luis Moreno', 'Hijo', 100);
INSERT INTO Beneficiarios (idBeneficiario, idPoliza, nombre, relacion, porcentaje) VALUES (60, 107, 'Mariana Rojas', 'Esposo', 100);
INSERT INTO Beneficiarios (idBeneficiario, idPoliza, nombre, relacion, porcentaje) VALUES (61, 63, 'Carlos Hernandez', 'Padre', 50);
INSERT INTO Beneficiarios (idBeneficiario, idPoliza, nombre, relacion, porcentaje) VALUES (62, 116, 'Camila Rodriguez', 'Hermano', 50);
INSERT INTO Beneficiarios (idBeneficiario, idPoliza, nombre, relacion, porcentaje) VALUES (63, 14, 'Carlos Castillo', 'Hermano', 50);
INSERT INTO Beneficiarios (idBeneficiario, idPoliza, nombre, relacion, porcentaje) VALUES (64, 19, 'Jose Ruiz', 'Hermano', 50);
INSERT INTO Beneficiarios (idBeneficiario, idPoliza, nombre, relacion, porcentaje) VALUES (65, 123, 'Jose Diaz', 'Padre', 50);
INSERT INTO Beneficiarios (idBeneficiario, idPoliza, nombre, relacion, porcentaje) VALUES (66, 55, 'Jose Lopez', 'Madre', 50);
INSERT INTO Beneficiarios (idBeneficiario, idPoliza, nombre, relacion, porcentaje) VALUES (67, 179, 'Daniela Hernandez', 'Madre', 50);
INSERT INTO Beneficiarios (idBeneficiario, idPoliza, nombre, relacion, porcentaje) VALUES (68, 142, 'Andres Torres', 'Madre', 100);
INSERT INTO Beneficiarios (idBeneficiario, idPoliza, nombre, relacion, porcentaje) VALUES (69, 137, 'Camila Torres', 'Padre', 100);
INSERT INTO Beneficiarios (idBeneficiario, idPoliza, nombre, relacion, porcentaje) VALUES (70, 132, 'Isabella Moreno', 'Hijo', 100);
INSERT INTO Beneficiarios (idBeneficiario, idPoliza, nombre, relacion, porcentaje) VALUES (71, 195, 'Andres Hernandez', 'Padre', 100);
INSERT INTO Beneficiarios (idBeneficiario, idPoliza, nombre, relacion, porcentaje) VALUES (72, 106, 'Maria Ruiz', 'Esposo', 50);
INSERT INTO Beneficiarios (idBeneficiario, idPoliza, nombre, relacion, porcentaje) VALUES (73, 5, 'Carlos Romero', 'Hermano', 100);
INSERT INTO Beneficiarios (idBeneficiario, idPoliza, nombre, relacion, porcentaje) VALUES (74, 76, 'Luis Hernandez', 'Padre', 50);
INSERT INTO Beneficiarios (idBeneficiario, idPoliza, nombre, relacion, porcentaje) VALUES (75, 98, 'Lucas Sanchez', 'Madre', 100);
INSERT INTO Beneficiarios (idBeneficiario, idPoliza, nombre, relacion, porcentaje) VALUES (76, 66, 'Isabella Muñoz', 'Madre', 50);
INSERT INTO Beneficiarios (idBeneficiario, idPoliza, nombre, relacion, porcentaje) VALUES (77, 188, 'Camila Garcia', 'Esposo', 100);
INSERT INTO Beneficiarios (idBeneficiario, idPoliza, nombre, relacion, porcentaje) VALUES (78, 48, 'Mariana Gomez', 'Hermano', 50);
INSERT INTO Beneficiarios (idBeneficiario, idPoliza, nombre, relacion, porcentaje) VALUES (79, 20, 'Maria Perez', 'Madre', 50);
INSERT INTO Beneficiarios (idBeneficiario, idPoliza, nombre, relacion, porcentaje) VALUES (80, 162, 'Laura Rodriguez', 'Esposo', 50);
INSERT INTO Beneficiarios (idBeneficiario, idPoliza, nombre, relacion, porcentaje) VALUES (81, 56, 'Mateo Moreno', 'Padre', 50);
INSERT INTO Beneficiarios (idBeneficiario, idPoliza, nombre, relacion, porcentaje) VALUES (82, 159, 'Daniela Muñoz', 'Madre', 50);
INSERT INTO Beneficiarios (idBeneficiario, idPoliza, nombre, relacion, porcentaje) VALUES (83, 2, 'Mariana Romero', 'Madre', 50);
INSERT INTO Beneficiarios (idBeneficiario, idPoliza, nombre, relacion, porcentaje) VALUES (84, 5, 'Mateo Ramirez', 'Hermano', 100);
INSERT INTO Beneficiarios (idBeneficiario, idPoliza, nombre, relacion, porcentaje) VALUES (85, 5, 'Mateo Jimenez', 'Esposo', 50);
INSERT INTO Beneficiarios (idBeneficiario, idPoliza, nombre, relacion, porcentaje) VALUES (86, 25, 'Mateo Martinez', 'Esposo', 50);
INSERT INTO Beneficiarios (idBeneficiario, idPoliza, nombre, relacion, porcentaje) VALUES (87, 159, 'Mateo Ramirez', 'Padre', 100);
INSERT INTO Beneficiarios (idBeneficiario, idPoliza, nombre, relacion, porcentaje) VALUES (88, 102, 'Pedro Vargas', 'Madre', 100);
INSERT INTO Beneficiarios (idBeneficiario, idPoliza, nombre, relacion, porcentaje) VALUES (89, 145, 'Laura Sanchez', 'Padre', 50);
INSERT INTO Beneficiarios (idBeneficiario, idPoliza, nombre, relacion, porcentaje) VALUES (90, 168, 'Maria Rodriguez', 'Madre', 100);
INSERT INTO Beneficiarios (idBeneficiario, idPoliza, nombre, relacion, porcentaje) VALUES (91, 97, 'Mariana Muñoz', 'Hijo', 50);
INSERT INTO Beneficiarios (idBeneficiario, idPoliza, nombre, relacion, porcentaje) VALUES (92, 180, 'Carmen Rodriguez', 'Madre', 100);
INSERT INTO Beneficiarios (idBeneficiario, idPoliza, nombre, relacion, porcentaje) VALUES (93, 166, 'Andres Ruiz', 'Hijo', 50);
INSERT INTO Beneficiarios (idBeneficiario, idPoliza, nombre, relacion, porcentaje) VALUES (94, 59, 'Jose Ruiz', 'Madre', 100);
INSERT INTO Beneficiarios (idBeneficiario, idPoliza, nombre, relacion, porcentaje) VALUES (95, 12, 'Pedro Ramirez', 'Hermano', 50);
INSERT INTO Beneficiarios (idBeneficiario, idPoliza, nombre, relacion, porcentaje) VALUES (96, 46, 'Andres Perez', 'Esposo', 50);
INSERT INTO Beneficiarios (idBeneficiario, idPoliza, nombre, relacion, porcentaje) VALUES (97, 193, 'Diego Rodriguez', 'Padre', 50);
INSERT INTO Beneficiarios (idBeneficiario, idPoliza, nombre, relacion, porcentaje) VALUES (98, 145, 'Laura Ruiz', 'Madre', 100);
INSERT INTO Beneficiarios (idBeneficiario, idPoliza, nombre, relacion, porcentaje) VALUES (99, 99, 'Luis Rodriguez', 'Hermano', 100);
INSERT INTO Beneficiarios (idBeneficiario, idPoliza, nombre, relacion, porcentaje) VALUES (100, 14, 'Ana Jimenez', 'Esposo', 50);
INSERT INTO Beneficiarios (idBeneficiario, idPoliza, nombre, relacion, porcentaje) VALUES (101, 88, 'Daniela Navarro', 'Hermano', 100);
INSERT INTO Beneficiarios (idBeneficiario, idPoliza, nombre, relacion, porcentaje) VALUES (102, 199, 'Andres Perez', 'Padre', 100);
INSERT INTO Beneficiarios (idBeneficiario, idPoliza, nombre, relacion, porcentaje) VALUES (103, 126, 'Laura Vargas', 'Hermano', 100);
INSERT INTO Beneficiarios (idBeneficiario, idPoliza, nombre, relacion, porcentaje) VALUES (104, 111, 'Carmen Ruiz', 'Madre', 50);
INSERT INTO Beneficiarios (idBeneficiario, idPoliza, nombre, relacion, porcentaje) VALUES (105, 198, 'Daniela Torres', 'Esposo', 50);
INSERT INTO Beneficiarios (idBeneficiario, idPoliza, nombre, relacion, porcentaje) VALUES (106, 22, 'Carlos Martinez', 'Madre', 50);
INSERT INTO Beneficiarios (idBeneficiario, idPoliza, nombre, relacion, porcentaje) VALUES (107, 190, 'Diego Diaz', 'Padre', 50);
INSERT INTO Beneficiarios (idBeneficiario, idPoliza, nombre, relacion, porcentaje) VALUES (108, 24, 'Juan Torres', 'Madre', 100);
INSERT INTO Beneficiarios (idBeneficiario, idPoliza, nombre, relacion, porcentaje) VALUES (109, 195, 'Carlos Lopez', 'Esposo', 50);
INSERT INTO Beneficiarios (idBeneficiario, idPoliza, nombre, relacion, porcentaje) VALUES (110, 48, 'Valentina Moreno', 'Hermano', 100);
INSERT INTO Beneficiarios (idBeneficiario, idPoliza, nombre, relacion, porcentaje) VALUES (111, 27, 'Juan Rodriguez', 'Padre', 50);
INSERT INTO Beneficiarios (idBeneficiario, idPoliza, nombre, relacion, porcentaje) VALUES (112, 153, 'Daniela Diaz', 'Madre', 50);
INSERT INTO Beneficiarios (idBeneficiario, idPoliza, nombre, relacion, porcentaje) VALUES (113, 75, 'Valentina Castillo', 'Hijo', 50);
INSERT INTO Beneficiarios (idBeneficiario, idPoliza, nombre, relacion, porcentaje) VALUES (114, 147, 'Mateo Garcia', 'Madre', 50);
INSERT INTO Beneficiarios (idBeneficiario, idPoliza, nombre, relacion, porcentaje) VALUES (115, 36, 'Carlos Torres', 'Padre', 100);
INSERT INTO Beneficiarios (idBeneficiario, idPoliza, nombre, relacion, porcentaje) VALUES (116, 38, 'Pedro Garcia', 'Madre', 100);
INSERT INTO Beneficiarios (idBeneficiario, idPoliza, nombre, relacion, porcentaje) VALUES (117, 108, 'Sofia Muñoz', 'Hijo', 100);
INSERT INTO Beneficiarios (idBeneficiario, idPoliza, nombre, relacion, porcentaje) VALUES (118, 65, 'Laura Muñoz', 'Hermano', 50);
INSERT INTO Beneficiarios (idBeneficiario, idPoliza, nombre, relacion, porcentaje) VALUES (119, 118, 'Ana Martinez', 'Padre', 50);
INSERT INTO Beneficiarios (idBeneficiario, idPoliza, nombre, relacion, porcentaje) VALUES (120, 102, 'Andres Navarro', 'Madre', 100);
INSERT INTO Beneficiarios (idBeneficiario, idPoliza, nombre, relacion, porcentaje) VALUES (121, 113, 'Andres Jimenez', 'Hermano', 50);
INSERT INTO Beneficiarios (idBeneficiario, idPoliza, nombre, relacion, porcentaje) VALUES (122, 77, 'Andres Navarro', 'Esposo', 100);
INSERT INTO Beneficiarios (idBeneficiario, idPoliza, nombre, relacion, porcentaje) VALUES (123, 81, 'Carmen Castillo', 'Padre', 100);
INSERT INTO Beneficiarios (idBeneficiario, idPoliza, nombre, relacion, porcentaje) VALUES (124, 189, 'Isabella Ruiz', 'Esposo', 100);
INSERT INTO Beneficiarios (idBeneficiario, idPoliza, nombre, relacion, porcentaje) VALUES (125, 97, 'Carlos Castillo', 'Padre', 50);
INSERT INTO Beneficiarios (idBeneficiario, idPoliza, nombre, relacion, porcentaje) VALUES (126, 145, 'Jose Ruiz', 'Hermano', 50);
INSERT INTO Beneficiarios (idBeneficiario, idPoliza, nombre, relacion, porcentaje) VALUES (127, 175, 'Mariana Perez', 'Madre', 50);
INSERT INTO Beneficiarios (idBeneficiario, idPoliza, nombre, relacion, porcentaje) VALUES (128, 113, 'Sofia Rodriguez', 'Madre', 100);
INSERT INTO Beneficiarios (idBeneficiario, idPoliza, nombre, relacion, porcentaje) VALUES (129, 36, 'Sofia Sanchez', 'Padre', 50);
INSERT INTO Beneficiarios (idBeneficiario, idPoliza, nombre, relacion, porcentaje) VALUES (130, 184, 'Valentina Castillo', 'Hijo', 100);
INSERT INTO Beneficiarios (idBeneficiario, idPoliza, nombre, relacion, porcentaje) VALUES (131, 154, 'Isabella Ruiz', 'Madre', 100);
INSERT INTO Beneficiarios (idBeneficiario, idPoliza, nombre, relacion, porcentaje) VALUES (132, 140, 'Maria Vargas', 'Hermano', 50);
INSERT INTO Beneficiarios (idBeneficiario, idPoliza, nombre, relacion, porcentaje) VALUES (133, 28, 'Laura Vargas', 'Esposo', 50);
INSERT INTO Beneficiarios (idBeneficiario, idPoliza, nombre, relacion, porcentaje) VALUES (134, 145, 'Diego Diaz', 'Madre', 50);
INSERT INTO Beneficiarios (idBeneficiario, idPoliza, nombre, relacion, porcentaje) VALUES (135, 3, 'Ana Ramirez', 'Esposo', 50);
INSERT INTO Beneficiarios (idBeneficiario, idPoliza, nombre, relacion, porcentaje) VALUES (136, 115, 'Camila Castillo', 'Madre', 50);
INSERT INTO Beneficiarios (idBeneficiario, idPoliza, nombre, relacion, porcentaje) VALUES (137, 89, 'Juan Muñoz', 'Hijo', 100);
INSERT INTO Beneficiarios (idBeneficiario, idPoliza, nombre, relacion, porcentaje) VALUES (138, 107, 'Pedro Lopez', 'Esposo', 100);
INSERT INTO Beneficiarios (idBeneficiario, idPoliza, nombre, relacion, porcentaje) VALUES (139, 80, 'Andres Moreno', 'Esposo', 100);
INSERT INTO Beneficiarios (idBeneficiario, idPoliza, nombre, relacion, porcentaje) VALUES (140, 90, 'Isabella Lopez', 'Madre', 100);
INSERT INTO Beneficiarios (idBeneficiario, idPoliza, nombre, relacion, porcentaje) VALUES (141, 82, 'Pedro Torres', 'Hijo', 50);
INSERT INTO Beneficiarios (idBeneficiario, idPoliza, nombre, relacion, porcentaje) VALUES (142, 6, 'Andres Lopez', 'Esposo', 50);
INSERT INTO Beneficiarios (idBeneficiario, idPoliza, nombre, relacion, porcentaje) VALUES (143, 133, 'Carmen Romero', 'Esposo', 100);
INSERT INTO Beneficiarios (idBeneficiario, idPoliza, nombre, relacion, porcentaje) VALUES (144, 144, 'Valentina Moreno', 'Esposo', 100);
INSERT INTO Beneficiarios (idBeneficiario, idPoliza, nombre, relacion, porcentaje) VALUES (145, 162, 'Carmen Garcia', 'Madre', 100);
INSERT INTO Beneficiarios (idBeneficiario, idPoliza, nombre, relacion, porcentaje) VALUES (146, 8, 'Daniela Hernandez', 'Madre', 100);
INSERT INTO Beneficiarios (idBeneficiario, idPoliza, nombre, relacion, porcentaje) VALUES (147, 100, 'Juan Hernandez', 'Esposo', 100);
INSERT INTO Beneficiarios (idBeneficiario, idPoliza, nombre, relacion, porcentaje) VALUES (148, 193, 'Pedro Ruiz', 'Hijo', 50);
INSERT INTO Beneficiarios (idBeneficiario, idPoliza, nombre, relacion, porcentaje) VALUES (149, 94, 'Andres Hernandez', 'Madre', 50);
INSERT INTO Beneficiarios (idBeneficiario, idPoliza, nombre, relacion, porcentaje) VALUES (150, 68, 'Isabella Rojas', 'Padre', 100);
INSERT INTO Beneficiarios (idBeneficiario, idPoliza, nombre, relacion, porcentaje) VALUES (151, 157, 'Diego Ruiz', 'Hijo', 100);
INSERT INTO Beneficiarios (idBeneficiario, idPoliza, nombre, relacion, porcentaje) VALUES (152, 91, 'Gabriel Navarro', 'Esposo', 100);
INSERT INTO Beneficiarios (idBeneficiario, idPoliza, nombre, relacion, porcentaje) VALUES (153, 158, 'Lucas Rodriguez', 'Esposo', 100);
INSERT INTO Beneficiarios (idBeneficiario, idPoliza, nombre, relacion, porcentaje) VALUES (154, 31, 'Laura Torres', 'Hijo', 50);
INSERT INTO Beneficiarios (idBeneficiario, idPoliza, nombre, relacion, porcentaje) VALUES (155, 96, 'Luis Rojas', 'Madre', 100);
INSERT INTO Beneficiarios (idBeneficiario, idPoliza, nombre, relacion, porcentaje) VALUES (156, 153, 'Luis Ruiz', 'Madre', 100);
INSERT INTO Beneficiarios (idBeneficiario, idPoliza, nombre, relacion, porcentaje) VALUES (157, 48, 'Isabella Romero', 'Esposo', 50);
INSERT INTO Beneficiarios (idBeneficiario, idPoliza, nombre, relacion, porcentaje) VALUES (158, 126, 'Sofia Martinez', 'Esposo', 100);
INSERT INTO Beneficiarios (idBeneficiario, idPoliza, nombre, relacion, porcentaje) VALUES (159, 116, 'Daniela Gomez', 'Padre', 50);
INSERT INTO Beneficiarios (idBeneficiario, idPoliza, nombre, relacion, porcentaje) VALUES (160, 125, 'Luis Hernandez', 'Madre', 100);
INSERT INTO Beneficiarios (idBeneficiario, idPoliza, nombre, relacion, porcentaje) VALUES (161, 105, 'Isabella Jimenez', 'Madre', 100);
INSERT INTO Beneficiarios (idBeneficiario, idPoliza, nombre, relacion, porcentaje) VALUES (162, 43, 'Pedro Ruiz', 'Hijo', 50);
INSERT INTO Beneficiarios (idBeneficiario, idPoliza, nombre, relacion, porcentaje) VALUES (163, 75, 'Maria Ramirez', 'Esposo', 100);
INSERT INTO Beneficiarios (idBeneficiario, idPoliza, nombre, relacion, porcentaje) VALUES (164, 44, 'Gabriel Ruiz', 'Madre', 50);
INSERT INTO Beneficiarios (idBeneficiario, idPoliza, nombre, relacion, porcentaje) VALUES (165, 147, 'Ana Ramirez', 'Hermano', 100);
INSERT INTO Beneficiarios (idBeneficiario, idPoliza, nombre, relacion, porcentaje) VALUES (166, 139, 'Maria Moreno', 'Hermano', 50);
INSERT INTO Beneficiarios (idBeneficiario, idPoliza, nombre, relacion, porcentaje) VALUES (167, 109, 'Ana Sanchez', 'Padre', 50);
INSERT INTO Beneficiarios (idBeneficiario, idPoliza, nombre, relacion, porcentaje) VALUES (168, 116, 'Carlos Vargas', 'Hijo', 100);
INSERT INTO Beneficiarios (idBeneficiario, idPoliza, nombre, relacion, porcentaje) VALUES (169, 31, 'Laura Hernandez', 'Hermano', 100);
INSERT INTO Beneficiarios (idBeneficiario, idPoliza, nombre, relacion, porcentaje) VALUES (170, 182, 'Daniela Jimenez', 'Esposo', 50);
INSERT INTO Beneficiarios (idBeneficiario, idPoliza, nombre, relacion, porcentaje) VALUES (171, 53, 'Jose Gomez', 'Hermano', 100);
INSERT INTO Beneficiarios (idBeneficiario, idPoliza, nombre, relacion, porcentaje) VALUES (172, 137, 'Carlos Navarro', 'Hermano', 50);
INSERT INTO Beneficiarios (idBeneficiario, idPoliza, nombre, relacion, porcentaje) VALUES (173, 83, 'Sofia Torres', 'Hermano', 100);
INSERT INTO Beneficiarios (idBeneficiario, idPoliza, nombre, relacion, porcentaje) VALUES (174, 132, 'Ana Martinez', 'Madre', 50);
INSERT INTO Beneficiarios (idBeneficiario, idPoliza, nombre, relacion, porcentaje) VALUES (175, 71, 'Luis Martinez', 'Esposo', 50);
INSERT INTO Beneficiarios (idBeneficiario, idPoliza, nombre, relacion, porcentaje) VALUES (176, 183, 'Andres Sanchez', 'Madre', 100);
INSERT INTO Beneficiarios (idBeneficiario, idPoliza, nombre, relacion, porcentaje) VALUES (177, 37, 'Lucas Ramirez', 'Madre', 100);
INSERT INTO Beneficiarios (idBeneficiario, idPoliza, nombre, relacion, porcentaje) VALUES (178, 116, 'Pedro Rodriguez', 'Madre', 100);
INSERT INTO Beneficiarios (idBeneficiario, idPoliza, nombre, relacion, porcentaje) VALUES (179, 178, 'Camila Moreno', 'Madre', 100);
INSERT INTO Beneficiarios (idBeneficiario, idPoliza, nombre, relacion, porcentaje) VALUES (180, 149, 'Juan Rodriguez', 'Madre', 100);
INSERT INTO Beneficiarios (idBeneficiario, idPoliza, nombre, relacion, porcentaje) VALUES (181, 17, 'Mariana Castillo', 'Esposo', 100);
INSERT INTO Beneficiarios (idBeneficiario, idPoliza, nombre, relacion, porcentaje) VALUES (182, 55, 'Isabella Ramirez', 'Padre', 100);
INSERT INTO Beneficiarios (idBeneficiario, idPoliza, nombre, relacion, porcentaje) VALUES (183, 87, 'Mariana Ruiz', 'Esposo', 100);
INSERT INTO Beneficiarios (idBeneficiario, idPoliza, nombre, relacion, porcentaje) VALUES (184, 88, 'Maria Gomez', 'Hijo', 100);
INSERT INTO Beneficiarios (idBeneficiario, idPoliza, nombre, relacion, porcentaje) VALUES (185, 5, 'Ana Garcia', 'Madre', 100);
INSERT INTO Beneficiarios (idBeneficiario, idPoliza, nombre, relacion, porcentaje) VALUES (186, 1, 'Valentina Hernandez', 'Esposo', 100);
INSERT INTO Beneficiarios (idBeneficiario, idPoliza, nombre, relacion, porcentaje) VALUES (187, 41, 'Carlos Rodriguez', 'Padre', 100);
INSERT INTO Beneficiarios (idBeneficiario, idPoliza, nombre, relacion, porcentaje) VALUES (188, 22, 'Camila Garcia', 'Hijo', 100);
INSERT INTO Beneficiarios (idBeneficiario, idPoliza, nombre, relacion, porcentaje) VALUES (189, 161, 'Sofia Sanchez', 'Madre', 50);
INSERT INTO Beneficiarios (idBeneficiario, idPoliza, nombre, relacion, porcentaje) VALUES (190, 181, 'Ana Perez', 'Esposo', 100);
INSERT INTO Beneficiarios (idBeneficiario, idPoliza, nombre, relacion, porcentaje) VALUES (191, 20, 'Luis Ruiz', 'Esposo', 100);
INSERT INTO Beneficiarios (idBeneficiario, idPoliza, nombre, relacion, porcentaje) VALUES (192, 3, 'Juan Diaz', 'Hijo', 100);
INSERT INTO Beneficiarios (idBeneficiario, idPoliza, nombre, relacion, porcentaje) VALUES (193, 178, 'Luis Muñoz', 'Hijo', 50);
INSERT INTO Beneficiarios (idBeneficiario, idPoliza, nombre, relacion, porcentaje) VALUES (194, 99, 'Pedro Lopez', 'Hijo', 100);
INSERT INTO Beneficiarios (idBeneficiario, idPoliza, nombre, relacion, porcentaje) VALUES (195, 95, 'Sofia Martinez', 'Madre', 50);
INSERT INTO Beneficiarios (idBeneficiario, idPoliza, nombre, relacion, porcentaje) VALUES (196, 165, 'Luis Rodriguez', 'Hermano', 50);
INSERT INTO Beneficiarios (idBeneficiario, idPoliza, nombre, relacion, porcentaje) VALUES (197, 157, 'Carmen Moreno', 'Padre', 50);
INSERT INTO Beneficiarios (idBeneficiario, idPoliza, nombre, relacion, porcentaje) VALUES (198, 161, 'Luis Jimenez', 'Hermano', 100);
INSERT INTO Beneficiarios (idBeneficiario, idPoliza, nombre, relacion, porcentaje) VALUES (199, 56, 'Pedro Lopez', 'Esposo', 50);
INSERT INTO Beneficiarios (idBeneficiario, idPoliza, nombre, relacion, porcentaje) VALUES (200, 151, 'Diego Vargas', 'Madre', 100);

-- Coberturas
INSERT INTO Coberturas (idCobertura, idPoliza, descripcionC, montoMax) VALUES (1, 36, 'Cobertura especial 1', 13111953.87);
INSERT INTO Coberturas (idCobertura, idPoliza, descripcionC, montoMax) VALUES (2, 166, 'Cobertura especial 2', 2166238.63);
INSERT INTO Coberturas (idCobertura, idPoliza, descripcionC, montoMax) VALUES (3, 142, 'Cobertura especial 3', 27293420.71);
INSERT INTO Coberturas (idCobertura, idPoliza, descripcionC, montoMax) VALUES (4, 185, 'Cobertura especial 4', 15965224.97);
INSERT INTO Coberturas (idCobertura, idPoliza, descripcionC, montoMax) VALUES (5, 200, 'Cobertura especial 5', 47122683.01);
INSERT INTO Coberturas (idCobertura, idPoliza, descripcionC, montoMax) VALUES (6, 7, 'Cobertura especial 6', 42546713.12);
INSERT INTO Coberturas (idCobertura, idPoliza, descripcionC, montoMax) VALUES (7, 169, 'Cobertura especial 7', 28437786.1);
INSERT INTO Coberturas (idCobertura, idPoliza, descripcionC, montoMax) VALUES (8, 53, 'Cobertura especial 8', 15862713.87);
INSERT INTO Coberturas (idCobertura, idPoliza, descripcionC, montoMax) VALUES (9, 131, 'Cobertura especial 9', 10243679.64);
INSERT INTO Coberturas (idCobertura, idPoliza, descripcionC, montoMax) VALUES (10, 101, 'Cobertura especial 10', 2020333.99);
INSERT INTO Coberturas (idCobertura, idPoliza, descripcionC, montoMax) VALUES (11, 14, 'Cobertura especial 11', 33650865.4);
INSERT INTO Coberturas (idCobertura, idPoliza, descripcionC, montoMax) VALUES (12, 62, 'Cobertura especial 12', 25249498.28);
INSERT INTO Coberturas (idCobertura, idPoliza, descripcionC, montoMax) VALUES (13, 29, 'Cobertura especial 13', 2870254.45);
INSERT INTO Coberturas (idCobertura, idPoliza, descripcionC, montoMax) VALUES (14, 164, 'Cobertura especial 14', 21484500.98);
INSERT INTO Coberturas (idCobertura, idPoliza, descripcionC, montoMax) VALUES (15, 136, 'Cobertura especial 15', 44547501.88);
INSERT INTO Coberturas (idCobertura, idPoliza, descripcionC, montoMax) VALUES (16, 4, 'Cobertura especial 16', 49357244.11);
INSERT INTO Coberturas (idCobertura, idPoliza, descripcionC, montoMax) VALUES (17, 82, 'Cobertura especial 17', 7467161.16);
INSERT INTO Coberturas (idCobertura, idPoliza, descripcionC, montoMax) VALUES (18, 146, 'Cobertura especial 18', 15423961.98);
INSERT INTO Coberturas (idCobertura, idPoliza, descripcionC, montoMax) VALUES (19, 140, 'Cobertura especial 19', 2200291.69);
INSERT INTO Coberturas (idCobertura, idPoliza, descripcionC, montoMax) VALUES (20, 196, 'Cobertura especial 20', 24079716.67);
INSERT INTO Coberturas (idCobertura, idPoliza, descripcionC, montoMax) VALUES (21, 198, 'Cobertura especial 21', 4576600.19);
INSERT INTO Coberturas (idCobertura, idPoliza, descripcionC, montoMax) VALUES (22, 151, 'Cobertura especial 22', 4170942.23);
INSERT INTO Coberturas (idCobertura, idPoliza, descripcionC, montoMax) VALUES (23, 68, 'Cobertura especial 23', 9841811.71);
INSERT INTO Coberturas (idCobertura, idPoliza, descripcionC, montoMax) VALUES (24, 16, 'Cobertura especial 24', 47485319.85);
INSERT INTO Coberturas (idCobertura, idPoliza, descripcionC, montoMax) VALUES (25, 102, 'Cobertura especial 25', 16509699.85);
INSERT INTO Coberturas (idCobertura, idPoliza, descripcionC, montoMax) VALUES (26, 161, 'Cobertura especial 26', 23378484.36);
INSERT INTO Coberturas (idCobertura, idPoliza, descripcionC, montoMax) VALUES (27, 197, 'Cobertura especial 27', 16206676.62);
INSERT INTO Coberturas (idCobertura, idPoliza, descripcionC, montoMax) VALUES (28, 180, 'Cobertura especial 28', 17953137.98);
INSERT INTO Coberturas (idCobertura, idPoliza, descripcionC, montoMax) VALUES (29, 164, 'Cobertura especial 29', 7978169.67);
INSERT INTO Coberturas (idCobertura, idPoliza, descripcionC, montoMax) VALUES (30, 158, 'Cobertura especial 30', 7268967.57);
INSERT INTO Coberturas (idCobertura, idPoliza, descripcionC, montoMax) VALUES (31, 22, 'Cobertura especial 31', 16185437.4);
INSERT INTO Coberturas (idCobertura, idPoliza, descripcionC, montoMax) VALUES (32, 131, 'Cobertura especial 32', 46125318.08);
INSERT INTO Coberturas (idCobertura, idPoliza, descripcionC, montoMax) VALUES (33, 40, 'Cobertura especial 33', 18123558.21);
INSERT INTO Coberturas (idCobertura, idPoliza, descripcionC, montoMax) VALUES (34, 101, 'Cobertura especial 34', 1839825.88);
INSERT INTO Coberturas (idCobertura, idPoliza, descripcionC, montoMax) VALUES (35, 196, 'Cobertura especial 35', 41891796.99);
INSERT INTO Coberturas (idCobertura, idPoliza, descripcionC, montoMax) VALUES (36, 175, 'Cobertura especial 36', 16504045.61);
INSERT INTO Coberturas (idCobertura, idPoliza, descripcionC, montoMax) VALUES (37, 80, 'Cobertura especial 37', 27718009.19);
INSERT INTO Coberturas (idCobertura, idPoliza, descripcionC, montoMax) VALUES (38, 187, 'Cobertura especial 38', 7849286.05);
INSERT INTO Coberturas (idCobertura, idPoliza, descripcionC, montoMax) VALUES (39, 62, 'Cobertura especial 39', 3398671.84);
INSERT INTO Coberturas (idCobertura, idPoliza, descripcionC, montoMax) VALUES (40, 23, 'Cobertura especial 40', 46306759.96);
INSERT INTO Coberturas (idCobertura, idPoliza, descripcionC, montoMax) VALUES (41, 30, 'Cobertura especial 41', 20715007.58);
INSERT INTO Coberturas (idCobertura, idPoliza, descripcionC, montoMax) VALUES (42, 156, 'Cobertura especial 42', 1509799.17);
INSERT INTO Coberturas (idCobertura, idPoliza, descripcionC, montoMax) VALUES (43, 171, 'Cobertura especial 43', 37342981.94);
INSERT INTO Coberturas (idCobertura, idPoliza, descripcionC, montoMax) VALUES (44, 190, 'Cobertura especial 44', 9606649.28);
INSERT INTO Coberturas (idCobertura, idPoliza, descripcionC, montoMax) VALUES (45, 4, 'Cobertura especial 45', 9728637.4);
INSERT INTO Coberturas (idCobertura, idPoliza, descripcionC, montoMax) VALUES (46, 180, 'Cobertura especial 46', 1274568.42);
INSERT INTO Coberturas (idCobertura, idPoliza, descripcionC, montoMax) VALUES (47, 128, 'Cobertura especial 47', 16404131.89);
INSERT INTO Coberturas (idCobertura, idPoliza, descripcionC, montoMax) VALUES (48, 134, 'Cobertura especial 48', 26343919.28);
INSERT INTO Coberturas (idCobertura, idPoliza, descripcionC, montoMax) VALUES (49, 185, 'Cobertura especial 49', 3246404.9);
INSERT INTO Coberturas (idCobertura, idPoliza, descripcionC, montoMax) VALUES (50, 96, 'Cobertura especial 50', 7219599.77);
INSERT INTO Coberturas (idCobertura, idPoliza, descripcionC, montoMax) VALUES (51, 200, 'Cobertura especial 51', 41932105.07);
INSERT INTO Coberturas (idCobertura, idPoliza, descripcionC, montoMax) VALUES (52, 188, 'Cobertura especial 52', 44434323.23);
INSERT INTO Coberturas (idCobertura, idPoliza, descripcionC, montoMax) VALUES (53, 198, 'Cobertura especial 53', 45094973.9);
INSERT INTO Coberturas (idCobertura, idPoliza, descripcionC, montoMax) VALUES (54, 86, 'Cobertura especial 54', 40548284.49);
INSERT INTO Coberturas (idCobertura, idPoliza, descripcionC, montoMax) VALUES (55, 70, 'Cobertura especial 55', 14036441.45);
INSERT INTO Coberturas (idCobertura, idPoliza, descripcionC, montoMax) VALUES (56, 68, 'Cobertura especial 56', 23182654.65);
INSERT INTO Coberturas (idCobertura, idPoliza, descripcionC, montoMax) VALUES (57, 148, 'Cobertura especial 57', 16157645.93);
INSERT INTO Coberturas (idCobertura, idPoliza, descripcionC, montoMax) VALUES (58, 128, 'Cobertura especial 58', 890490.94);
INSERT INTO Coberturas (idCobertura, idPoliza, descripcionC, montoMax) VALUES (59, 93, 'Cobertura especial 59', 3716516.43);
INSERT INTO Coberturas (idCobertura, idPoliza, descripcionC, montoMax) VALUES (60, 146, 'Cobertura especial 60', 4145437.17);
INSERT INTO Coberturas (idCobertura, idPoliza, descripcionC, montoMax) VALUES (61, 41, 'Cobertura especial 61', 13500687.97);
INSERT INTO Coberturas (idCobertura, idPoliza, descripcionC, montoMax) VALUES (62, 27, 'Cobertura especial 62', 44819152.59);
INSERT INTO Coberturas (idCobertura, idPoliza, descripcionC, montoMax) VALUES (63, 173, 'Cobertura especial 63', 21045208.28);
INSERT INTO Coberturas (idCobertura, idPoliza, descripcionC, montoMax) VALUES (64, 59, 'Cobertura especial 64', 37298218.16);
INSERT INTO Coberturas (idCobertura, idPoliza, descripcionC, montoMax) VALUES (65, 1, 'Cobertura especial 65', 2796542.57);
INSERT INTO Coberturas (idCobertura, idPoliza, descripcionC, montoMax) VALUES (66, 4, 'Cobertura especial 66', 1636244.0);
INSERT INTO Coberturas (idCobertura, idPoliza, descripcionC, montoMax) VALUES (67, 121, 'Cobertura especial 67', 18834848.32);
INSERT INTO Coberturas (idCobertura, idPoliza, descripcionC, montoMax) VALUES (68, 39, 'Cobertura especial 68', 9136823.18);
INSERT INTO Coberturas (idCobertura, idPoliza, descripcionC, montoMax) VALUES (69, 10, 'Cobertura especial 69', 24673998.76);
INSERT INTO Coberturas (idCobertura, idPoliza, descripcionC, montoMax) VALUES (70, 183, 'Cobertura especial 70', 37292625.58);
INSERT INTO Coberturas (idCobertura, idPoliza, descripcionC, montoMax) VALUES (71, 108, 'Cobertura especial 71', 12001250.38);
INSERT INTO Coberturas (idCobertura, idPoliza, descripcionC, montoMax) VALUES (72, 64, 'Cobertura especial 72', 14603611.55);
INSERT INTO Coberturas (idCobertura, idPoliza, descripcionC, montoMax) VALUES (73, 185, 'Cobertura especial 73', 2733635.96);
INSERT INTO Coberturas (idCobertura, idPoliza, descripcionC, montoMax) VALUES (74, 20, 'Cobertura especial 74', 22805342.12);
INSERT INTO Coberturas (idCobertura, idPoliza, descripcionC, montoMax) VALUES (75, 31, 'Cobertura especial 75', 25600006.19);
INSERT INTO Coberturas (idCobertura, idPoliza, descripcionC, montoMax) VALUES (76, 14, 'Cobertura especial 76', 2435864.66);
INSERT INTO Coberturas (idCobertura, idPoliza, descripcionC, montoMax) VALUES (77, 133, 'Cobertura especial 77', 22672584.14);
INSERT INTO Coberturas (idCobertura, idPoliza, descripcionC, montoMax) VALUES (78, 103, 'Cobertura especial 78', 4377395.45);
INSERT INTO Coberturas (idCobertura, idPoliza, descripcionC, montoMax) VALUES (79, 120, 'Cobertura especial 79', 43435579.27);
INSERT INTO Coberturas (idCobertura, idPoliza, descripcionC, montoMax) VALUES (80, 199, 'Cobertura especial 80', 32174996.87);
INSERT INTO Coberturas (idCobertura, idPoliza, descripcionC, montoMax) VALUES (81, 84, 'Cobertura especial 81', 3153707.56);
INSERT INTO Coberturas (idCobertura, idPoliza, descripcionC, montoMax) VALUES (82, 117, 'Cobertura especial 82', 1340879.92);
INSERT INTO Coberturas (idCobertura, idPoliza, descripcionC, montoMax) VALUES (83, 52, 'Cobertura especial 83', 15288159.44);
INSERT INTO Coberturas (idCobertura, idPoliza, descripcionC, montoMax) VALUES (84, 78, 'Cobertura especial 84', 2851946.05);
INSERT INTO Coberturas (idCobertura, idPoliza, descripcionC, montoMax) VALUES (85, 63, 'Cobertura especial 85', 23732407.84);
INSERT INTO Coberturas (idCobertura, idPoliza, descripcionC, montoMax) VALUES (86, 152, 'Cobertura especial 86', 9037928.69);
INSERT INTO Coberturas (idCobertura, idPoliza, descripcionC, montoMax) VALUES (87, 198, 'Cobertura especial 87', 22644889.67);
INSERT INTO Coberturas (idCobertura, idPoliza, descripcionC, montoMax) VALUES (88, 188, 'Cobertura especial 88', 40055048.3);
INSERT INTO Coberturas (idCobertura, idPoliza, descripcionC, montoMax) VALUES (89, 195, 'Cobertura especial 89', 40002703.52);
INSERT INTO Coberturas (idCobertura, idPoliza, descripcionC, montoMax) VALUES (90, 39, 'Cobertura especial 90', 1231709.84);
INSERT INTO Coberturas (idCobertura, idPoliza, descripcionC, montoMax) VALUES (91, 105, 'Cobertura especial 91', 2171602.54);
INSERT INTO Coberturas (idCobertura, idPoliza, descripcionC, montoMax) VALUES (92, 139, 'Cobertura especial 92', 11579467.05);
INSERT INTO Coberturas (idCobertura, idPoliza, descripcionC, montoMax) VALUES (93, 178, 'Cobertura especial 93', 3510876.47);
INSERT INTO Coberturas (idCobertura, idPoliza, descripcionC, montoMax) VALUES (94, 86, 'Cobertura especial 94', 1033577.76);
INSERT INTO Coberturas (idCobertura, idPoliza, descripcionC, montoMax) VALUES (95, 169, 'Cobertura especial 95', 2087459.73);
INSERT INTO Coberturas (idCobertura, idPoliza, descripcionC, montoMax) VALUES (96, 189, 'Cobertura especial 96', 19780145.85);
INSERT INTO Coberturas (idCobertura, idPoliza, descripcionC, montoMax) VALUES (97, 27, 'Cobertura especial 97', 8710561.79);
INSERT INTO Coberturas (idCobertura, idPoliza, descripcionC, montoMax) VALUES (98, 61, 'Cobertura especial 98', 21570976.26);
INSERT INTO Coberturas (idCobertura, idPoliza, descripcionC, montoMax) VALUES (99, 16, 'Cobertura especial 99', 27604593.6);
INSERT INTO Coberturas (idCobertura, idPoliza, descripcionC, montoMax) VALUES (100, 37, 'Cobertura especial 100', 8201373.93);
INSERT INTO Coberturas (idCobertura, idPoliza, descripcionC, montoMax) VALUES (101, 24, 'Cobertura especial 101', 1586931.43);
INSERT INTO Coberturas (idCobertura, idPoliza, descripcionC, montoMax) VALUES (102, 60, 'Cobertura especial 102', 17302539.17);
INSERT INTO Coberturas (idCobertura, idPoliza, descripcionC, montoMax) VALUES (103, 134, 'Cobertura especial 103', 19741413.84);
INSERT INTO Coberturas (idCobertura, idPoliza, descripcionC, montoMax) VALUES (104, 96, 'Cobertura especial 104', 21999180.74);
INSERT INTO Coberturas (idCobertura, idPoliza, descripcionC, montoMax) VALUES (105, 192, 'Cobertura especial 105', 5160218.46);
INSERT INTO Coberturas (idCobertura, idPoliza, descripcionC, montoMax) VALUES (106, 25, 'Cobertura especial 106', 19777514.3);
INSERT INTO Coberturas (idCobertura, idPoliza, descripcionC, montoMax) VALUES (107, 164, 'Cobertura especial 107', 5122034.76);
INSERT INTO Coberturas (idCobertura, idPoliza, descripcionC, montoMax) VALUES (108, 20, 'Cobertura especial 108', 10083727.49);
INSERT INTO Coberturas (idCobertura, idPoliza, descripcionC, montoMax) VALUES (109, 16, 'Cobertura especial 109', 891536.48);
INSERT INTO Coberturas (idCobertura, idPoliza, descripcionC, montoMax) VALUES (110, 34, 'Cobertura especial 110', 12549699.98);
INSERT INTO Coberturas (idCobertura, idPoliza, descripcionC, montoMax) VALUES (111, 67, 'Cobertura especial 111', 11976579.35);
INSERT INTO Coberturas (idCobertura, idPoliza, descripcionC, montoMax) VALUES (112, 101, 'Cobertura especial 112', 714283.15);
INSERT INTO Coberturas (idCobertura, idPoliza, descripcionC, montoMax) VALUES (113, 189, 'Cobertura especial 113', 2972061.26);
INSERT INTO Coberturas (idCobertura, idPoliza, descripcionC, montoMax) VALUES (114, 116, 'Cobertura especial 114', 14325837.72);
INSERT INTO Coberturas (idCobertura, idPoliza, descripcionC, montoMax) VALUES (115, 20, 'Cobertura especial 115', 5966031.15);
INSERT INTO Coberturas (idCobertura, idPoliza, descripcionC, montoMax) VALUES (116, 35, 'Cobertura especial 116', 39216912.14);
INSERT INTO Coberturas (idCobertura, idPoliza, descripcionC, montoMax) VALUES (117, 150, 'Cobertura especial 117', 6339668.85);
INSERT INTO Coberturas (idCobertura, idPoliza, descripcionC, montoMax) VALUES (118, 28, 'Cobertura especial 118', 9054374.05);
INSERT INTO Coberturas (idCobertura, idPoliza, descripcionC, montoMax) VALUES (119, 120, 'Cobertura especial 119', 3232282.37);
INSERT INTO Coberturas (idCobertura, idPoliza, descripcionC, montoMax) VALUES (120, 31, 'Cobertura especial 120', 15218708.0);
INSERT INTO Coberturas (idCobertura, idPoliza, descripcionC, montoMax) VALUES (121, 198, 'Cobertura especial 121', 2090528.14);
INSERT INTO Coberturas (idCobertura, idPoliza, descripcionC, montoMax) VALUES (122, 79, 'Cobertura especial 122', 16836723.74);
INSERT INTO Coberturas (idCobertura, idPoliza, descripcionC, montoMax) VALUES (123, 31, 'Cobertura especial 123', 2022883.31);
INSERT INTO Coberturas (idCobertura, idPoliza, descripcionC, montoMax) VALUES (124, 176, 'Cobertura especial 124', 15906534.16);
INSERT INTO Coberturas (idCobertura, idPoliza, descripcionC, montoMax) VALUES (125, 181, 'Cobertura especial 125', 35147021.18);
INSERT INTO Coberturas (idCobertura, idPoliza, descripcionC, montoMax) VALUES (126, 11, 'Cobertura especial 126', 6424865.76);
INSERT INTO Coberturas (idCobertura, idPoliza, descripcionC, montoMax) VALUES (127, 84, 'Cobertura especial 127', 4230142.39);
INSERT INTO Coberturas (idCobertura, idPoliza, descripcionC, montoMax) VALUES (128, 183, 'Cobertura especial 128', 13162720.68);
INSERT INTO Coberturas (idCobertura, idPoliza, descripcionC, montoMax) VALUES (129, 92, 'Cobertura especial 129', 20415978.67);
INSERT INTO Coberturas (idCobertura, idPoliza, descripcionC, montoMax) VALUES (130, 13, 'Cobertura especial 130', 10860235.56);
INSERT INTO Coberturas (idCobertura, idPoliza, descripcionC, montoMax) VALUES (131, 67, 'Cobertura especial 131', 1757087.75);
INSERT INTO Coberturas (idCobertura, idPoliza, descripcionC, montoMax) VALUES (132, 45, 'Cobertura especial 132', 2523022.57);
INSERT INTO Coberturas (idCobertura, idPoliza, descripcionC, montoMax) VALUES (133, 104, 'Cobertura especial 133', 34404050.22);
INSERT INTO Coberturas (idCobertura, idPoliza, descripcionC, montoMax) VALUES (134, 143, 'Cobertura especial 134', 31397002.64);
INSERT INTO Coberturas (idCobertura, idPoliza, descripcionC, montoMax) VALUES (135, 64, 'Cobertura especial 135', 2712369.62);
INSERT INTO Coberturas (idCobertura, idPoliza, descripcionC, montoMax) VALUES (136, 27, 'Cobertura especial 136', 24205529.53);
INSERT INTO Coberturas (idCobertura, idPoliza, descripcionC, montoMax) VALUES (137, 36, 'Cobertura especial 137', 5344222.04);
INSERT INTO Coberturas (idCobertura, idPoliza, descripcionC, montoMax) VALUES (139, 200, 'Cobertura especial 139', 5843975.64);
INSERT INTO Coberturas (idCobertura, idPoliza, descripcionC, montoMax) VALUES (140, 34, 'Cobertura especial 140', 8178398.19);
INSERT INTO Coberturas (idCobertura, idPoliza, descripcionC, montoMax) VALUES (141, 103, 'Cobertura especial 141', 19239747.45);
INSERT INTO Coberturas (idCobertura, idPoliza, descripcionC, montoMax) VALUES (142, 162, 'Cobertura especial 142', 46941170.0);
INSERT INTO Coberturas (idCobertura, idPoliza, descripcionC, montoMax) VALUES (143, 22, 'Cobertura especial 143', 22940580.26);
INSERT INTO Coberturas (idCobertura, idPoliza, descripcionC, montoMax) VALUES (144, 67, 'Cobertura especial 144', 234946.31);
INSERT INTO Coberturas (idCobertura, idPoliza, descripcionC, montoMax) VALUES (145, 20, 'Cobertura especial 145', 984676.17);
INSERT INTO Coberturas (idCobertura, idPoliza, descripcionC, montoMax) VALUES (146, 17, 'Cobertura especial 146', 10609265.38);
INSERT INTO Coberturas (idCobertura, idPoliza, descripcionC, montoMax) VALUES (147, 166, 'Cobertura especial 147', 6177755.73);
INSERT INTO Coberturas (idCobertura, idPoliza, descripcionC, montoMax) VALUES (148, 33, 'Cobertura especial 148', 5506953.29);
INSERT INTO Coberturas (idCobertura, idPoliza, descripcionC, montoMax) VALUES (149, 85, 'Cobertura especial 149', 7003855.3);
INSERT INTO Coberturas (idCobertura, idPoliza, descripcionC, montoMax) VALUES (150, 119, 'Cobertura especial 150', 3481247.34);
INSERT INTO Coberturas (idCobertura, idPoliza, descripcionC, montoMax) VALUES (151, 147, 'Cobertura especial 151', 22224662.48);
INSERT INTO Coberturas (idCobertura, idPoliza, descripcionC, montoMax) VALUES (152, 186, 'Cobertura especial 152', 14500119.57);
INSERT INTO Coberturas (idCobertura, idPoliza, descripcionC, montoMax) VALUES (153, 8, 'Cobertura especial 153', 19753742.49);
INSERT INTO Coberturas (idCobertura, idPoliza, descripcionC, montoMax) VALUES (154, 110, 'Cobertura especial 154', 4647985.54);
INSERT INTO Coberturas (idCobertura, idPoliza, descripcionC, montoMax) VALUES (155, 55, 'Cobertura especial 155', 15170419.01);
INSERT INTO Coberturas (idCobertura, idPoliza, descripcionC, montoMax) VALUES (156, 71, 'Cobertura especial 156', 14712873.16);
INSERT INTO Coberturas (idCobertura, idPoliza, descripcionC, montoMax) VALUES (157, 39, 'Cobertura especial 157', 2216143.6);
INSERT INTO Coberturas (idCobertura, idPoliza, descripcionC, montoMax) VALUES (158, 159, 'Cobertura especial 158', 31231881.06);
INSERT INTO Coberturas (idCobertura, idPoliza, descripcionC, montoMax) VALUES (159, 166, 'Cobertura especial 159', 2622727.71);
INSERT INTO Coberturas (idCobertura, idPoliza, descripcionC, montoMax) VALUES (160, 106, 'Cobertura especial 160', 44256150.13);
INSERT INTO Coberturas (idCobertura, idPoliza, descripcionC, montoMax) VALUES (161, 123, 'Cobertura especial 161', 3611298.9);
INSERT INTO Coberturas (idCobertura, idPoliza, descripcionC, montoMax) VALUES (162, 72, 'Cobertura especial 162', 14140401.45);
INSERT INTO Coberturas (idCobertura, idPoliza, descripcionC, montoMax) VALUES (163, 108, 'Cobertura especial 163', 10773432.53);
INSERT INTO Coberturas (idCobertura, idPoliza, descripcionC, montoMax) VALUES (164, 135, 'Cobertura especial 164', 2464172.64);
INSERT INTO Coberturas (idCobertura, idPoliza, descripcionC, montoMax) VALUES (165, 140, 'Cobertura especial 165', 648073.17);
INSERT INTO Coberturas (idCobertura, idPoliza, descripcionC, montoMax) VALUES (166, 98, 'Cobertura especial 166', 39313872.58);
INSERT INTO Coberturas (idCobertura, idPoliza, descripcionC, montoMax) VALUES (167, 92, 'Cobertura especial 167', 20224021.19);
INSERT INTO Coberturas (idCobertura, idPoliza, descripcionC, montoMax) VALUES (168, 125, 'Cobertura especial 168', 13907951.07);
INSERT INTO Coberturas (idCobertura, idPoliza, descripcionC, montoMax) VALUES (169, 145, 'Cobertura especial 169', 22952726.21);
INSERT INTO Coberturas (idCobertura, idPoliza, descripcionC, montoMax) VALUES (170, 100, 'Cobertura especial 170', 8218420.08);
INSERT INTO Coberturas (idCobertura, idPoliza, descripcionC, montoMax) VALUES (171, 7, 'Cobertura especial 171', 8253499.06);
INSERT INTO Coberturas (idCobertura, idPoliza, descripcionC, montoMax) VALUES (172, 57, 'Cobertura especial 172', 2435869.57);
INSERT INTO Coberturas (idCobertura, idPoliza, descripcionC, montoMax) VALUES (173, 200, 'Cobertura especial 173', 743211.27);
INSERT INTO Coberturas (idCobertura, idPoliza, descripcionC, montoMax) VALUES (174, 121, 'Cobertura especial 174', 26942182.31);
INSERT INTO Coberturas (idCobertura, idPoliza, descripcionC, montoMax) VALUES (175, 197, 'Cobertura especial 175', 12912097.47);
INSERT INTO Coberturas (idCobertura, idPoliza, descripcionC, montoMax) VALUES (176, 60, 'Cobertura especial 176', 1843614.83);
INSERT INTO Coberturas (idCobertura, idPoliza, descripcionC, montoMax) VALUES (177, 26, 'Cobertura especial 177', 13144995.65);
INSERT INTO Coberturas (idCobertura, idPoliza, descripcionC, montoMax) VALUES (178, 62, 'Cobertura especial 178', 11134666.26);
INSERT INTO Coberturas (idCobertura, idPoliza, descripcionC, montoMax) VALUES (179, 189, 'Cobertura especial 179', 1171781.69);
INSERT INTO Coberturas (idCobertura, idPoliza, descripcionC, montoMax) VALUES (180, 57, 'Cobertura especial 180', 29208913.32);
INSERT INTO Coberturas (idCobertura, idPoliza, descripcionC, montoMax) VALUES (181, 100, 'Cobertura especial 181', 7554447.2);
INSERT INTO Coberturas (idCobertura, idPoliza, descripcionC, montoMax) VALUES (182, 45, 'Cobertura especial 182', 9628918.01);
INSERT INTO Coberturas (idCobertura, idPoliza, descripcionC, montoMax) VALUES (183, 152, 'Cobertura especial 183', 756012.96);
INSERT INTO Coberturas (idCobertura, idPoliza, descripcionC, montoMax) VALUES (184, 189, 'Cobertura especial 184', 2326020.81);
INSERT INTO Coberturas (idCobertura, idPoliza, descripcionC, montoMax) VALUES (186, 8, 'Cobertura especial 186', 23514795.35);
INSERT INTO Coberturas (idCobertura, idPoliza, descripcionC, montoMax) VALUES (187, 91, 'Cobertura especial 187', 47430378.02);
INSERT INTO Coberturas (idCobertura, idPoliza, descripcionC, montoMax) VALUES (188, 145, 'Cobertura especial 188', 3947709.29);
INSERT INTO Coberturas (idCobertura, idPoliza, descripcionC, montoMax) VALUES (189, 49, 'Cobertura especial 189', 41998145.2);
INSERT INTO Coberturas (idCobertura, idPoliza, descripcionC, montoMax) VALUES (190, 127, 'Cobertura especial 190', 27564105.47);
INSERT INTO Coberturas (idCobertura, idPoliza, descripcionC, montoMax) VALUES (191, 45, 'Cobertura especial 191', 25031384.59);
INSERT INTO Coberturas (idCobertura, idPoliza, descripcionC, montoMax) VALUES (192, 24, 'Cobertura especial 192', 1661811.78);
INSERT INTO Coberturas (idCobertura, idPoliza, descripcionC, montoMax) VALUES (193, 155, 'Cobertura especial 193', 4453764.71);
INSERT INTO Coberturas (idCobertura, idPoliza, descripcionC, montoMax) VALUES (194, 135, 'Cobertura especial 194', 2631162.07);
INSERT INTO Coberturas (idCobertura, idPoliza, descripcionC, montoMax) VALUES (195, 85, 'Cobertura especial 195', 45976913.11);
INSERT INTO Coberturas (idCobertura, idPoliza, descripcionC, montoMax) VALUES (196, 52, 'Cobertura especial 196', 40515825.25);
INSERT INTO Coberturas (idCobertura, idPoliza, descripcionC, montoMax) VALUES (197, 88, 'Cobertura especial 197', 36129944.0);
INSERT INTO Coberturas (idCobertura, idPoliza, descripcionC, montoMax) VALUES (198, 83, 'Cobertura especial 198', 1327981.54);
INSERT INTO Coberturas (idCobertura, idPoliza, descripcionC, montoMax) VALUES (199, 38, 'Cobertura especial 199', 22800745.85);
INSERT INTO Coberturas (idCobertura, idPoliza, descripcionC, montoMax) VALUES (200, 37, 'Cobertura especial 200', 2485122.25);

-- Reclamaciones
INSERT INTO Reclamaciones (idReclamacion, idPoliza, fecha, monto, estado, descripcion) VALUES (1, 135, TO_DATE('2025-12-21', 'YYYY-MM-DD'), 445506.43, 'Pendiente', 'Reclamacion por evento 1');
INSERT INTO Reclamaciones (idReclamacion, idPoliza, fecha, monto, estado, descripcion) VALUES (2, 181, TO_DATE('2026-01-11', 'YYYY-MM-DD'), 3313483.35, 'Aprobada', 'Reclamacion por evento 2');
INSERT INTO Reclamaciones (idReclamacion, idPoliza, fecha, monto, estado, descripcion) VALUES (3, 78, TO_DATE('2025-12-19', 'YYYY-MM-DD'), 125874.53, 'Pendiente', 'Reclamacion por evento 3');
INSERT INTO Reclamaciones (idReclamacion, idPoliza, fecha, monto, estado, descripcion) VALUES (4, 125, TO_DATE('2025-12-19', 'YYYY-MM-DD'), 920417.72, 'Pendiente', 'Reclamacion por evento 4');
INSERT INTO Reclamaciones (idReclamacion, idPoliza, fecha, monto, estado, descripcion) VALUES (5, 178, TO_DATE('2026-01-04', 'YYYY-MM-DD'), 317847.64, 'Rechazada', 'Reclamacion por evento 5');
INSERT INTO Reclamaciones (idReclamacion, idPoliza, fecha, monto, estado, descripcion) VALUES (6, 171, TO_DATE('2026-01-01', 'YYYY-MM-DD'), 2219868.0, 'Pendiente', 'Reclamacion por evento 6');
INSERT INTO Reclamaciones (idReclamacion, idPoliza, fecha, monto, estado, descripcion) VALUES (7, 1, TO_DATE('2026-01-04', 'YYYY-MM-DD'), 267893.23, 'Rechazada', 'Reclamacion por evento 7');
INSERT INTO Reclamaciones (idReclamacion, idPoliza, fecha, monto, estado, descripcion) VALUES (8, 198, TO_DATE('2026-01-12', 'YYYY-MM-DD'), 7183384.17, 'Pendiente', 'Reclamacion por evento 8');
INSERT INTO Reclamaciones (idReclamacion, idPoliza, fecha, monto, estado, descripcion) VALUES (9, 155, TO_DATE('2026-01-04', 'YYYY-MM-DD'), 175815.48, 'Rechazada', 'Reclamacion por evento 9');
INSERT INTO Reclamaciones (idReclamacion, idPoliza, fecha, monto, estado, descripcion) VALUES (10, 27, TO_DATE('2025-12-18', 'YYYY-MM-DD'), 7284531.02, 'Pendiente', 'Reclamacion por evento 10');
INSERT INTO Reclamaciones (idReclamacion, idPoliza, fecha, monto, estado, descripcion) VALUES (11, 85, TO_DATE('2025-12-21', 'YYYY-MM-DD'), 3961619.06, 'Pendiente', 'Reclamacion por evento 11');
INSERT INTO Reclamaciones (idReclamacion, idPoliza, fecha, monto, estado, descripcion) VALUES (12, 82, TO_DATE('2025-12-29', 'YYYY-MM-DD'), 166969.87, 'Pendiente', 'Reclamacion por evento 12');
INSERT INTO Reclamaciones (idReclamacion, idPoliza, fecha, monto, estado, descripcion) VALUES (13, 68, TO_DATE('2026-01-02', 'YYYY-MM-DD'), 731986.95, 'Rechazada', 'Reclamacion por evento 13');
INSERT INTO Reclamaciones (idReclamacion, idPoliza, fecha, monto, estado, descripcion) VALUES (14, 28, TO_DATE('2026-01-12', 'YYYY-MM-DD'), 666268.73, 'Pendiente', 'Reclamacion por evento 14');
INSERT INTO Reclamaciones (idReclamacion, idPoliza, fecha, monto, estado, descripcion) VALUES (15, 106, TO_DATE('2025-12-29', 'YYYY-MM-DD'), 2207536.97, 'Aprobada', 'Reclamacion por evento 15');
INSERT INTO Reclamaciones (idReclamacion, idPoliza, fecha, monto, estado, descripcion) VALUES (16, 148, TO_DATE('2026-01-08', 'YYYY-MM-DD'), 1069265.09, 'Rechazada', 'Reclamacion por evento 16');
INSERT INTO Reclamaciones (idReclamacion, idPoliza, fecha, monto, estado, descripcion) VALUES (17, 82, TO_DATE('2025-12-29', 'YYYY-MM-DD'), 231931.88, 'Pendiente', 'Reclamacion por evento 17');
INSERT INTO Reclamaciones (idReclamacion, idPoliza, fecha, monto, estado, descripcion) VALUES (18, 20, TO_DATE('2025-12-21', 'YYYY-MM-DD'), 2202067.78, 'Pendiente', 'Reclamacion por evento 18');
INSERT INTO Reclamaciones (idReclamacion, idPoliza, fecha, monto, estado, descripcion) VALUES (19, 181, TO_DATE('2026-01-11', 'YYYY-MM-DD'), 157382.22, 'Rechazada', 'Reclamacion por evento 19');
INSERT INTO Reclamaciones (idReclamacion, idPoliza, fecha, monto, estado, descripcion) VALUES (20, 156, TO_DATE('2026-01-10', 'YYYY-MM-DD'), 139847.21, 'Pendiente', 'Reclamacion por evento 20');
INSERT INTO Reclamaciones (idReclamacion, idPoliza, fecha, monto, estado, descripcion) VALUES (21, 85, TO_DATE('2025-12-21', 'YYYY-MM-DD'), 1128744.7, 'Pendiente', 'Reclamacion por evento 21');
INSERT INTO Reclamaciones (idReclamacion, idPoliza, fecha, monto, estado, descripcion) VALUES (22, 105, TO_DATE('2026-01-08', 'YYYY-MM-DD'), 166543.58, 'Rechazada', 'Reclamacion por evento 22');
INSERT INTO Reclamaciones (idReclamacion, idPoliza, fecha, monto, estado, descripcion) VALUES (23, 139, TO_DATE('2025-12-17', 'YYYY-MM-DD'), 343899.23, 'Aprobada', 'Reclamacion por evento 23');
INSERT INTO Reclamaciones (idReclamacion, idPoliza, fecha, monto, estado, descripcion) VALUES (24, 61, TO_DATE('2026-01-03', 'YYYY-MM-DD'), 252104.21, 'Aprobada', 'Reclamacion por evento 24');
INSERT INTO Reclamaciones (idReclamacion, idPoliza, fecha, monto, estado, descripcion) VALUES (25, 147, TO_DATE('2026-01-01', 'YYYY-MM-DD'), 1244123.52, 'Aprobada', 'Reclamacion por evento 25');
INSERT INTO Reclamaciones (idReclamacion, idPoliza, fecha, monto, estado, descripcion) VALUES (26, 40, TO_DATE('2025-12-19', 'YYYY-MM-DD'), 146056.94, 'Pendiente', 'Reclamacion por evento 26');
INSERT INTO Reclamaciones (idReclamacion, idPoliza, fecha, monto, estado, descripcion) VALUES (27, 110, TO_DATE('2025-12-20', 'YYYY-MM-DD'), 86348.12, 'Rechazada', 'Reclamacion por evento 27');
INSERT INTO Reclamaciones (idReclamacion, idPoliza, fecha, monto, estado, descripcion) VALUES (28, 25, TO_DATE('2026-01-07', 'YYYY-MM-DD'), 99612.02, 'Pendiente', 'Reclamacion por evento 28');
INSERT INTO Reclamaciones (idReclamacion, idPoliza, fecha, monto, estado, descripcion) VALUES (29, 121, TO_DATE('2026-01-12', 'YYYY-MM-DD'), 2264485.13, 'Rechazada', 'Reclamacion por evento 29');
INSERT INTO Reclamaciones (idReclamacion, idPoliza, fecha, monto, estado, descripcion) VALUES (30, 68, TO_DATE('2026-01-02', 'YYYY-MM-DD'), 346417.83, 'Rechazada', 'Reclamacion por evento 30');
INSERT INTO Reclamaciones (idReclamacion, idPoliza, fecha, monto, estado, descripcion) VALUES (31, 68, TO_DATE('2026-01-02', 'YYYY-MM-DD'), 1480232.26, 'Aprobada', 'Reclamacion por evento 31');
INSERT INTO Reclamaciones (idReclamacion, idPoliza, fecha, monto, estado, descripcion) VALUES (32, 171, TO_DATE('2026-01-01', 'YYYY-MM-DD'), 406281.29, 'Rechazada', 'Reclamacion por evento 32');
INSERT INTO Reclamaciones (idReclamacion, idPoliza, fecha, monto, estado, descripcion) VALUES (33, 139, TO_DATE('2025-12-17', 'YYYY-MM-DD'), 508675.15, 'Rechazada', 'Reclamacion por evento 33');
INSERT INTO Reclamaciones (idReclamacion, idPoliza, fecha, monto, estado, descripcion) VALUES (34, 59, TO_DATE('2025-12-18', 'YYYY-MM-DD'), 2087156.37, 'Aprobada', 'Reclamacion por evento 34');
INSERT INTO Reclamaciones (idReclamacion, idPoliza, fecha, monto, estado, descripcion) VALUES (35, 134, TO_DATE('2025-12-21', 'YYYY-MM-DD'), 1958348.26, 'Rechazada', 'Reclamacion por evento 35');
INSERT INTO Reclamaciones (idReclamacion, idPoliza, fecha, monto, estado, descripcion) VALUES (36, 147, TO_DATE('2026-01-01', 'YYYY-MM-DD'), 1965363.27, 'Aprobada', 'Reclamacion por evento 36');
INSERT INTO Reclamaciones (idReclamacion, idPoliza, fecha, monto, estado, descripcion) VALUES (37, 183, TO_DATE('2026-01-01', 'YYYY-MM-DD'), 223487.39, 'Rechazada', 'Reclamacion por evento 37');
INSERT INTO Reclamaciones (idReclamacion, idPoliza, fecha, monto, estado, descripcion) VALUES (38, 147, TO_DATE('2026-01-01', 'YYYY-MM-DD'), 1521921.67, 'Rechazada', 'Reclamacion por evento 38');
INSERT INTO Reclamaciones (idReclamacion, idPoliza, fecha, monto, estado, descripcion) VALUES (39, 175, TO_DATE('2025-12-28', 'YYYY-MM-DD'), 746805.34, 'Rechazada', 'Reclamacion por evento 39');
INSERT INTO Reclamaciones (idReclamacion, idPoliza, fecha, monto, estado, descripcion) VALUES (40, 67, TO_DATE('2026-01-13', 'YYYY-MM-DD'), 480658.23, 'Rechazada', 'Reclamacion por evento 40');
INSERT INTO Reclamaciones (idReclamacion, idPoliza, fecha, monto, estado, descripcion) VALUES (41, 23, TO_DATE('2026-01-09', 'YYYY-MM-DD'), 1827756.47, 'Aprobada', 'Reclamacion por evento 41');
INSERT INTO Reclamaciones (idReclamacion, idPoliza, fecha, monto, estado, descripcion) VALUES (42, 71, TO_DATE('2026-01-14', 'YYYY-MM-DD'), 788626.22, 'Pendiente', 'Reclamacion por evento 42');
INSERT INTO Reclamaciones (idReclamacion, idPoliza, fecha, monto, estado, descripcion) VALUES (43, 134, TO_DATE('2025-12-21', 'YYYY-MM-DD'), 3613340.12, 'Pendiente', 'Reclamacion por evento 43');
INSERT INTO Reclamaciones (idReclamacion, idPoliza, fecha, monto, estado, descripcion) VALUES (44, 28, TO_DATE('2026-01-12', 'YYYY-MM-DD'), 531340.74, 'Pendiente', 'Reclamacion por evento 44');
INSERT INTO Reclamaciones (idReclamacion, idPoliza, fecha, monto, estado, descripcion) VALUES (45, 106, TO_DATE('2025-12-29', 'YYYY-MM-DD'), 1205760.2, 'Rechazada', 'Reclamacion por evento 45');
INSERT INTO Reclamaciones (idReclamacion, idPoliza, fecha, monto, estado, descripcion) VALUES (46, 125, TO_DATE('2025-12-19', 'YYYY-MM-DD'), 816965.96, 'Aprobada', 'Reclamacion por evento 46');
INSERT INTO Reclamaciones (idReclamacion, idPoliza, fecha, monto, estado, descripcion) VALUES (47, 71, TO_DATE('2026-01-14', 'YYYY-MM-DD'), 622741.78, 'Rechazada', 'Reclamacion por evento 47');
INSERT INTO Reclamaciones (idReclamacion, idPoliza, fecha, monto, estado, descripcion) VALUES (48, 156, TO_DATE('2026-01-10', 'YYYY-MM-DD'), 118748.43, 'Aprobada', 'Reclamacion por evento 48');
INSERT INTO Reclamaciones (idReclamacion, idPoliza, fecha, monto, estado, descripcion) VALUES (49, 85, TO_DATE('2025-12-21', 'YYYY-MM-DD'), 3673869.24, 'Pendiente', 'Reclamacion por evento 49');
INSERT INTO Reclamaciones (idReclamacion, idPoliza, fecha, monto, estado, descripcion) VALUES (50, 78, TO_DATE('2025-12-19', 'YYYY-MM-DD'), 123133.6, 'Aprobada', 'Reclamacion por evento 50');

